Area,Mean,Median,Period Start Date,Period End Date,Property Type
Camden,1025.0,900.0,2019/04/01,2020/03/31,Room
Camden,1296.0,1200.0,2019/04/01,2020/03/31,Studio
Camden,1798.0,1733.0,2019/04/01,2020/03/31,One Bedroom
Camden,2346.0,2310.0,2019/04/01,2020/03/31,Two Bedrooms
Camden,3112.0,2900.0,2019/04/01,2020/03/31,Three Bedrooms
Camden,4332.0,3727.0,2019/04/01,2020/03/31,Four or more Bedrooms
Camden,2302.0,2050.0,2019/04/01,2020/03/31,All categories
Camden,776.0,775.0,2020/04/01,2021/03/31,Room
Camden,994.0,954.0,2020/04/01,2021/03/31,Studio
Camden,1499.0,1350.0,2020/04/01,2021/03/31,One Bedroom
Camden,2106.0,1950.0,2020/04/01,2021/03/31,Two Bedrooms
Camden,2725.0,2250.0,2020/04/01,2021/03/31,Three Bedrooms
Camden,4050.0,3098.0,2020/04/01,2021/03/31,Four or more Bedrooms
Camden,1861.0,1582.0,2020/04/01,2021/03/31,All categories
Camden,912.0,843.0,2021/04/01,2022/03/31,Room
Camden,1182.0,1100.0,2021/04/01,2022/03/31,Studio
Camden,1617.0,1550.0,2021/04/01,2022/03/31,One Bedroom
Camden,2184.0,2050.0,2021/04/01,2022/03/31,Two Bedrooms
Camden,2936.0,2755.0,2021/04/01,2022/03/31,Three Bedrooms
Camden,3516.0,3098.0,2021/04/01,2022/03/31,Four or more Bedrooms
Camden,2001.0,1750.0,2021/04/01,2022/03/31,All categories
Camden,829.0,843.0,2018/10/01,2019/09/30,Room
Camden,1285.0,1250.0,2018/10/01,2019/09/30,Studio
Camden,1694.0,1647.0,2018/10/01,2019/09/30,One Bedroom
Camden,2272.0,2145.0,2018/10/01,2019/09/30,Two Bedrooms
Camden,3233.0,2860.0,2018/10/01,2019/09/30,Three Bedrooms
Camden,5839.0,3950.0,2018/10/01,2019/09/30,Four or more Bedrooms
Camden,2536.0,2058.0,2018/10/01,2019/09/30,All categories
Camden,1156.0,975.0,2019/10/01,2020/09/30,Room
Camden,1072.0,1000.0,2019/10/01,2020/09/30,Studio
Camden,1619.0,1508.0,2019/10/01,2020/09/30,One Bedroom
Camden,2254.0,2150.0,2019/10/01,2020/09/30,Two Bedrooms
Camden,2880.0,2492.0,2019/10/01,2020/09/30,Three Bedrooms
Camden,3983.0,3400.0,2019/10/01,2020/09/30,Four or more Bedrooms
Camden,2012.0,1750.0,2019/10/01,2020/09/30,All categories
Camden,776.0,775.0,2020/10/01,2021/09/30,Room
Camden,1009.0,960.0,2020/10/01,2021/09/30,Studio
Camden,1587.0,1450.0,2020/10/01,2021/09/30,One Bedroom
Camden,2142.0,2000.0,2020/10/01,2021/09/30,Two Bedrooms
Camden,2915.0,2545.0,2020/10/01,2021/09/30,Three Bedrooms
Camden,3995.0,3152.0,2020/10/01,2021/09/30,Four or more Bedrooms
Camden,1936.0,1675.0,2020/10/01,2021/09/30,All categories
Hackney,607.0,600.0,2019/04/01,2020/03/31,Room
Hackney,1061.0,1000.0,2019/04/01,2020/03/31,Studio
Hackney,1487.0,1466.0,2019/04/01,2020/03/31,One Bedroom
Hackney,1822.0,1738.0,2019/04/01,2020/03/31,Two Bedrooms
Hackney,2477.0,2400.0,2019/04/01,2020/03/31,Three Bedrooms
Hackney,3070.0,3063.0,2019/04/01,2020/03/31,Four or more Bedrooms
Hackney,1842.0,1700.0,2019/04/01,2020/03/31,All categories
Hackney,627.0,600.0,2020/04/01,2021/03/31,Room
Hackney,1039.0,1000.0,2020/04/01,2021/03/31,Studio
Hackney,1446.0,1408.0,2020/04/01,2021/03/31,One Bedroom
Hackney,1768.0,1650.0,2020/04/01,2021/03/31,Two Bedrooms
Hackney,2345.0,2250.0,2020/04/01,2021/03/31,Three Bedrooms
Hackney,3219.0,3297.0,2020/04/01,2021/03/31,Four or more Bedrooms
Hackney,1800.0,1650.0,2020/04/01,2021/03/31,All categories
Hackney,657.0,650.0,2021/04/01,2022/03/31,Room
Hackney,1077.0,1050.0,2021/04/01,2022/03/31,Studio
Hackney,1409.0,1350.0,2021/04/01,2022/03/31,One Bedroom
Hackney,1751.0,1650.0,2021/04/01,2022/03/31,Two Bedrooms
Hackney,2331.0,2250.0,2021/04/01,2022/03/31,Three Bedrooms
Hackney,3030.0,3050.0,2021/04/01,2022/03/31,Four or more Bedrooms
Hackney,1760.0,1600.0,2021/04/01,2022/03/31,All categories
Hackney,712.0,675.0,2018/10/01,2019/09/30,Room
Hackney,1233.0,1125.0,2018/10/01,2019/09/30,Studio
Hackney,1502.0,1473.0,2018/10/01,2019/09/30,One Bedroom
Hackney,1834.0,1733.0,2018/10/01,2019/09/30,Two Bedrooms
Hackney,2476.0,2400.0,2018/10/01,2019/09/30,Three Bedrooms
Hackney,2974.0,3000.0,2018/10/01,2019/09/30,Four or more Bedrooms
Hackney,1834.0,1699.0,2018/10/01,2019/09/30,All categories
Hackney,648.0,642.0,2019/10/01,2020/09/30,Room
Hackney,1045.0,1000.0,2019/10/01,2020/09/30,Studio
Hackney,1472.0,1425.0,2019/10/01,2020/09/30,One Bedroom
Hackney,1814.0,1750.0,2019/10/01,2020/09/30,Two Bedrooms
Hackney,2419.0,2399.0,2019/10/01,2020/09/30,Three Bedrooms
Hackney,3159.0,3200.0,2019/10/01,2020/09/30,Four or more Bedrooms
Hackney,1860.0,1710.0,2019/10/01,2020/09/30,All categories
Hackney,641.0,642.0,2020/10/01,2021/09/30,Room
Hackney,1022.0,1000.0,2020/10/01,2021/09/30,Studio
Hackney,1405.0,1350.0,2020/10/01,2021/09/30,One Bedroom
Hackney,1748.0,1650.0,2020/10/01,2021/09/30,Two Bedrooms
Hackney,2309.0,2220.0,2020/10/01,2021/09/30,Three Bedrooms
Hackney,3000.0,3050.0,2020/10/01,2021/09/30,Four or more Bedrooms
Hackney,1733.0,1600.0,2020/10/01,2021/09/30,All categories
Hammersmith and Fulham,681.0,600.0,2019/04/01,2020/03/31,Room
Hammersmith and Fulham,1086.0,1100.0,2019/04/01,2020/03/31,Studio
Hammersmith and Fulham,1456.0,1450.0,2019/04/01,2020/03/31,One Bedroom
Hammersmith and Fulham,1925.0,1820.0,2019/04/01,2020/03/31,Two Bedrooms
Hammersmith and Fulham,2588.0,2557.0,2019/04/01,2020/03/31,Three Bedrooms
Hammersmith and Fulham,4874.0,4116.0,2019/04/01,2020/03/31,Four or more Bedrooms
Hammersmith and Fulham,2117.0,1733.0,2019/04/01,2020/03/31,All categories
Hammersmith and Fulham,640.0,605.0,2020/04/01,2021/03/31,Room
Hammersmith and Fulham,1107.0,1100.0,2020/04/01,2021/03/31,Studio
Hammersmith and Fulham,1479.0,1430.0,2020/04/01,2021/03/31,One Bedroom
Hammersmith and Fulham,1928.0,1800.0,2020/04/01,2021/03/31,Two Bedrooms
Hammersmith and Fulham,2637.0,2491.0,2020/04/01,2021/03/31,Three Bedrooms
Hammersmith and Fulham,4376.0,3900.0,2020/04/01,2021/03/31,Four or more Bedrooms
Hammersmith and Fulham,2010.0,1700.0,2020/04/01,2021/03/31,All categories
Hammersmith and Fulham,653.0,600.0,2021/04/01,2022/03/31,Room
Hammersmith and Fulham,1008.0,975.0,2021/04/01,2022/03/31,Studio
Hammersmith and Fulham,1452.0,1400.0,2021/04/01,2022/03/31,One Bedroom
Hammersmith and Fulham,1959.0,1820.0,2021/04/01,2022/03/31,Two Bedrooms
Hammersmith and Fulham,2631.0,2450.0,2021/04/01,2022/03/31,Three Bedrooms
Hammersmith and Fulham,4362.0,4028.0,2021/04/01,2022/03/31,Four or more Bedrooms
Hammersmith and Fulham,2036.0,1712.0,2021/04/01,2022/03/31,All categories
Hammersmith and Fulham,653.0,600.0,2018/10/01,2019/09/30,Room
Hammersmith and Fulham,1089.0,1045.0,2018/10/01,2019/09/30,Studio
Hammersmith and Fulham,1428.0,1392.0,2018/10/01,2019/09/30,One Bedroom
Hammersmith and Fulham,2004.0,1800.0,2018/10/01,2019/09/30,Two Bedrooms
Hammersmith and Fulham,2720.0,2600.0,2018/10/01,2019/09/30,Three Bedrooms
Hammersmith and Fulham,4753.0,4008.0,2018/10/01,2019/09/30,Four or more Bedrooms
Hammersmith and Fulham,2117.0,1690.0,2018/10/01,2019/09/30,All categories
Hammersmith and Fulham,664.0,600.0,2019/10/01,2020/09/30,Room
Hammersmith and Fulham,1117.0,1122.0,2019/10/01,2020/09/30,Studio
Hammersmith and Fulham,1464.0,1408.0,2019/10/01,2020/09/30,One Bedroom
Hammersmith and Fulham,1922.0,1842.0,2019/10/01,2020/09/30,Two Bedrooms
Hammersmith and Fulham,2653.0,2492.0,2019/10/01,2020/09/30,Three Bedrooms
Hammersmith and Fulham,4780.0,4117.0,2019/10/01,2020/09/30,Four or more Bedrooms
Hammersmith and Fulham,2016.0,1694.0,2019/10/01,2020/09/30,All categories
Hammersmith and Fulham,627.0,560.0,2020/10/01,2021/09/30,Room
Hammersmith and Fulham,1054.0,1040.0,2020/10/01,2021/09/30,Studio
Hammersmith and Fulham,1446.0,1400.0,2020/10/01,2021/09/30,One Bedroom
Hammersmith and Fulham,1906.0,1751.0,2020/10/01,2021/09/30,Two Bedrooms
Hammersmith and Fulham,2577.0,2472.0,2020/10/01,2021/09/30,Three Bedrooms
Hammersmith and Fulham,4237.0,3900.0,2020/10/01,2021/09/30,Four or more Bedrooms
Hammersmith and Fulham,1964.0,1647.0,2020/10/01,2021/09/30,All categories
Haringey,694.0,675.0,2019/04/01,2020/03/31,Room
Haringey,915.0,950.0,2019/04/01,2020/03/31,Studio
Haringey,1292.0,1295.0,2019/04/01,2020/03/31,One Bedroom
Haringey,1614.0,1550.0,2019/04/01,2020/03/31,Two Bedrooms
Haringey,2048.0,2000.0,2019/04/01,2020/03/31,Three Bedrooms
Haringey,2832.0,2750.0,2019/04/01,2020/03/31,Four or more Bedrooms
Haringey,1669.0,1500.0,2019/04/01,2020/03/31,All categories
Haringey,661.0,675.0,2020/04/01,2021/03/31,Room
Haringey,897.0,921.0,2020/04/01,2021/03/31,Studio
Haringey,1260.0,1275.0,2020/04/01,2021/03/31,One Bedroom
Haringey,1494.0,1460.0,2020/04/01,2021/03/31,Two Bedrooms
Haringey,1894.0,1850.0,2020/04/01,2021/03/31,Three Bedrooms
Haringey,2384.0,2190.0,2020/04/01,2021/03/31,Four or more Bedrooms
Haringey,1588.0,1450.0,2020/04/01,2021/03/31,All categories
Haringey,636.0,650.0,2021/04/01,2022/03/31,Room
Haringey,877.0,850.0,2021/04/01,2022/03/31,Studio
Haringey,1253.0,1250.0,2021/04/01,2022/03/31,One Bedroom
Haringey,1580.0,1500.0,2021/04/01,2022/03/31,Two Bedrooms
Haringey,1970.0,1850.0,2021/04/01,2022/03/31,Three Bedrooms
Haringey,2502.0,2200.0,2021/04/01,2022/03/31,Four or more Bedrooms
Haringey,1546.0,1425.0,2021/04/01,2022/03/31,All categories
Haringey,637.0,613.0,2018/10/01,2019/09/30,Room
Haringey,906.0,901.0,2018/10/01,2019/09/30,Studio
Haringey,1277.0,1290.0,2018/10/01,2019/09/30,One Bedroom
Haringey,1603.0,1517.0,2018/10/01,2019/09/30,Two Bedrooms
Haringey,2019.0,1950.0,2018/10/01,2019/09/30,Three Bedrooms
Haringey,2587.0,2348.0,2018/10/01,2019/09/30,Four or more Bedrooms
Haringey,1558.0,1450.0,2018/10/01,2019/09/30,All categories
Haringey,668.0,675.0,2019/10/01,2020/09/30,Room
Haringey,929.0,932.0,2019/10/01,2020/09/30,Studio
Haringey,1291.0,1300.0,2019/10/01,2020/09/30,One Bedroom
Haringey,1601.0,1517.0,2019/10/01,2020/09/30,Two Bedrooms
Haringey,2019.0,2000.0,2019/10/01,2020/09/30,Three Bedrooms
Haringey,2541.0,2400.0,2019/10/01,2020/09/30,Four or more Bedrooms
Haringey,1644.0,1500.0,2019/10/01,2020/09/30,All categories
Haringey,597.0,600.0,2020/10/01,2021/09/30,Room
Haringey,871.0,875.0,2020/10/01,2021/09/30,Studio
Haringey,1246.0,1250.0,2020/10/01,2021/09/30,One Bedroom
Haringey,1521.0,1475.0,2020/10/01,2021/09/30,Two Bedrooms
Haringey,1931.0,1800.0,2020/10/01,2021/09/30,Three Bedrooms
Haringey,2501.0,2300.0,2020/10/01,2021/09/30,Four or more Bedrooms
Haringey,1533.0,1400.0,2020/10/01,2021/09/30,All categories
Islington,766.0,790.0,2019/04/01,2020/03/31,Room
Islington,1258.0,1202.0,2019/04/01,2020/03/31,Studio
Islington,1630.0,1582.0,2019/04/01,2020/03/31,One Bedroom
Islington,2093.0,1950.0,2019/04/01,2020/03/31,Two Bedrooms
Islington,2577.0,2362.0,2019/04/01,2020/03/31,Three Bedrooms
Islington,3508.0,3313.0,2019/04/01,2020/03/31,Four or more Bedrooms
Islington,2003.0,1850.0,2019/04/01,2020/03/31,All categories
Islington,722.0,712.0,2020/04/01,2021/03/31,Room
Islington,1024.0,940.0,2020/04/01,2021/03/31,Studio
Islington,1482.0,1450.0,2020/04/01,2021/03/31,One Bedroom
Islington,1911.0,1880.0,2020/04/01,2021/03/31,Two Bedrooms
Islington,2274.0,2100.0,2020/04/01,2021/03/31,Three Bedrooms
Islington,3547.0,3250.0,2020/04/01,2021/03/31,Four or more Bedrooms
Islington,1803.0,1625.0,2020/04/01,2021/03/31,All categories
Islington,697.0,675.0,2021/04/01,2022/03/31,Room
Islington,1136.0,1089.0,2021/04/01,2022/03/31,Studio
Islington,1484.0,1430.0,2021/04/01,2022/03/31,One Bedroom
Islington,1933.0,1850.0,2021/04/01,2022/03/31,Two Bedrooms
Islington,2452.0,2300.0,2021/04/01,2022/03/31,Three Bedrooms
Islington,3327.0,3175.0,2021/04/01,2022/03/31,Four or more Bedrooms
Islington,1858.0,1700.0,2021/04/01,2022/03/31,All categories
Islington,750.0,750.0,2018/10/01,2019/09/30,Room
Islington,1201.0,1105.0,2018/10/01,2019/09/30,Studio
Islington,1547.0,1497.0,2018/10/01,2019/09/30,One Bedroom
Islington,2035.0,1947.0,2018/10/01,2019/09/30,Two Bedrooms
Islington,2404.0,2275.0,2018/10/01,2019/09/30,Three Bedrooms
Islington,3422.0,3163.0,2018/10/01,2019/09/30,Four or more Bedrooms
Islington,1914.0,1733.0,2018/10/01,2019/09/30,All categories
Islington,722.0,712.0,2019/10/01,2020/09/30,Room
Islington,1383.0,1309.0,2019/10/01,2020/09/30,Studio
Islington,1565.0,1517.0,2019/10/01,2020/09/30,One Bedroom
Islington,1934.0,1842.0,2019/10/01,2020/09/30,Two Bedrooms
Islington,2487.0,2345.0,2019/10/01,2020/09/30,Three Bedrooms
Islington,3537.0,3402.0,2019/10/01,2020/09/30,Four or more Bedrooms
Islington,1908.0,1733.0,2019/10/01,2020/09/30,All categories
Islington,677.0,675.0,2020/10/01,2021/09/30,Room
Islington,1058.0,1000.0,2020/10/01,2021/09/30,Studio
Islington,1442.0,1400.0,2020/10/01,2021/09/30,One Bedroom
Islington,1873.0,1820.0,2020/10/01,2021/09/30,Two Bedrooms
Islington,2336.0,2200.0,2020/10/01,2021/09/30,Three Bedrooms
Islington,3308.0,3200.0,2020/10/01,2021/09/30,Four or more Bedrooms
Islington,1787.0,1625.0,2020/10/01,2021/09/30,All categories
Kensington and Chelsea,916.0,883.0,2019/04/01,2020/03/31,Room
Kensington and Chelsea,1418.0,1365.0,2019/04/01,2020/03/31,Studio
Kensington and Chelsea,2062.0,1950.0,2019/04/01,2020/03/31,One Bedroom
Kensington and Chelsea,3185.0,2817.0,2019/04/01,2020/03/31,Two Bedrooms
Kensington and Chelsea,4959.0,4550.0,2019/04/01,2020/03/31,Three Bedrooms
Kensington and Chelsea,7712.0,6428.0,2019/04/01,2020/03/31,Four or more Bedrooms
Kensington and Chelsea,3023.0,2383.0,2019/04/01,2020/03/31,All categories
Kensington and Chelsea,916.0,883.0,2020/04/01,2021/03/31,Room
Kensington and Chelsea,1337.0,1300.0,2020/04/01,2021/03/31,Studio
Kensington and Chelsea,1995.0,1885.0,2020/04/01,2021/03/31,One Bedroom
Kensington and Chelsea,2889.0,2687.0,2020/04/01,2021/03/31,Two Bedrooms
Kensington and Chelsea,4622.0,4188.0,2020/04/01,2021/03/31,Three Bedrooms
Kensington and Chelsea,7781.0,7150.0,2020/04/01,2021/03/31,Four or more Bedrooms
Kensington and Chelsea,2849.0,2275.0,2020/04/01,2021/03/31,All categories
Kensington and Chelsea,916.0,883.0,2021/04/01,2022/03/31,Room
Kensington and Chelsea,1332.0,1300.0,2021/04/01,2022/03/31,Studio
Kensington and Chelsea,1947.0,1798.0,2021/04/01,2022/03/31,One Bedroom
Kensington and Chelsea,2770.0,2535.0,2021/04/01,2022/03/31,Two Bedrooms
Kensington and Chelsea,4461.0,4030.0,2021/04/01,2022/03/31,Three Bedrooms
Kensington and Chelsea,6993.0,6500.0,2021/04/01,2022/03/31,Four or more Bedrooms
Kensington and Chelsea,2716.0,2199.0,2021/04/01,2022/03/31,All categories
Kensington and Chelsea,916.0,883.0,2018/10/01,2019/09/30,Room
Kensington and Chelsea,1375.0,1350.0,2018/10/01,2019/09/30,Studio
Kensington and Chelsea,2061.0,1950.0,2018/10/01,2019/09/30,One Bedroom
Kensington and Chelsea,3232.0,2817.0,2018/10/01,2019/09/30,Two Bedrooms
Kensington and Chelsea,4849.0,4196.0,2018/10/01,2019/09/30,Three Bedrooms
Kensington and Chelsea,8350.0,7324.0,2018/10/01,2019/09/30,Four or more Bedrooms
Kensington and Chelsea,3053.0,2383.0,2018/10/01,2019/09/30,All categories
Kensington and Chelsea,916.0,883.0,2019/10/01,2020/09/30,Room
Kensington and Chelsea,1427.0,1408.0,2019/10/01,2020/09/30,Studio
Kensington and Chelsea,2062.0,1950.0,2019/10/01,2020/09/30,One Bedroom
Kensington and Chelsea,3030.0,2708.0,2019/10/01,2020/09/30,Two Bedrooms
Kensington and Chelsea,4938.0,4584.0,2019/10/01,2020/09/30,Three Bedrooms
Kensington and Chelsea,7585.0,6717.0,2019/10/01,2020/09/30,Four or more Bedrooms
Kensington and Chelsea,2977.0,2383.0,2019/10/01,2020/09/30,All categories
Kensington and Chelsea,916.0,883.0,2020/10/01,2021/09/30,Room
Kensington and Chelsea,1284.0,1278.0,2020/10/01,2021/09/30,Studio
Kensington and Chelsea,1892.0,1777.0,2020/10/01,2021/09/30,One Bedroom
Kensington and Chelsea,2746.0,2555.0,2020/10/01,2021/09/30,Two Bedrooms
Kensington and Chelsea,4480.0,4117.0,2020/10/01,2021/09/30,Three Bedrooms
Kensington and Chelsea,7858.0,7200.0,2020/10/01,2021/09/30,Four or more Bedrooms
Kensington and Chelsea,2712.0,2171.0,2020/10/01,2021/09/30,All categories
Lambeth,630.0,600.0,2019/04/01,2020/03/31,Room
Lambeth,1087.0,950.0,2019/04/01,2020/03/31,Studio
Lambeth,1551.0,1495.0,2019/04/01,2020/03/31,One Bedroom
Lambeth,1864.0,1707.0,2019/04/01,2020/03/31,Two Bedrooms
Lambeth,2413.0,2318.0,2019/04/01,2020/03/31,Three Bedrooms
Lambeth,3042.0,3000.0,2019/04/01,2020/03/31,Four or more Bedrooms
Lambeth,1908.0,1720.0,2019/04/01,2020/03/31,All categories
Lambeth,663.0,725.0,2020/04/01,2021/03/31,Room
Lambeth,1174.0,1138.0,2020/04/01,2021/03/31,Studio
Lambeth,1397.0,1350.0,2020/04/01,2021/03/31,One Bedroom
Lambeth,1701.0,1635.0,2020/04/01,2021/03/31,Two Bedrooms
Lambeth,2286.0,2241.0,2020/04/01,2021/03/31,Three Bedrooms
Lambeth,3121.0,3180.0,2020/04/01,2021/03/31,Four or more Bedrooms
Lambeth,1788.0,1645.0,2020/04/01,2021/03/31,All categories
Lambeth,582.0,570.0,2021/04/01,2022/03/31,Room
Lambeth,1077.0,1000.0,2021/04/01,2022/03/31,Studio
Lambeth,1392.0,1350.0,2021/04/01,2022/03/31,One Bedroom
Lambeth,1695.0,1647.0,2021/04/01,2022/03/31,Two Bedrooms
Lambeth,2199.0,2167.0,2021/04/01,2022/03/31,Three Bedrooms
Lambeth,3180.0,3125.0,2021/04/01,2022/03/31,Four or more Bedrooms
Lambeth,1753.0,1600.0,2021/04/01,2022/03/31,All categories
Lambeth,581.0,600.0,2018/10/01,2019/09/30,Room
Lambeth,974.0,950.0,2018/10/01,2019/09/30,Studio
Lambeth,1412.0,1400.0,2018/10/01,2019/09/30,One Bedroom
Lambeth,1699.0,1650.0,2018/10/01,2019/09/30,Two Bedrooms
Lambeth,2296.0,2200.0,2018/10/01,2019/09/30,Three Bedrooms
Lambeth,3043.0,3000.0,2018/10/01,2019/09/30,Four or more Bedrooms
Lambeth,1754.0,1600.0,2018/10/01,2019/09/30,All categories
Lambeth,667.0,663.0,2019/10/01,2020/09/30,Room
Lambeth,1240.0,1250.0,2019/10/01,2020/09/30,Studio
Lambeth,1595.0,1500.0,2019/10/01,2020/09/30,One Bedroom
Lambeth,1893.0,1700.0,2019/10/01,2020/09/30,Two Bedrooms
Lambeth,2531.0,2400.0,2019/10/01,2020/09/30,Three Bedrooms
Lambeth,3161.0,3175.0,2019/10/01,2020/09/30,Four or more Bedrooms
Lambeth,1961.0,1768.0,2019/10/01,2020/09/30,All categories
Lambeth,587.0,580.0,2020/10/01,2021/09/30,Room
Lambeth,1098.0,954.0,2020/10/01,2021/09/30,Studio
Lambeth,1348.0,1300.0,2020/10/01,2021/09/30,One Bedroom
Lambeth,1664.0,1600.0,2020/10/01,2021/09/30,Two Bedrooms
Lambeth,2197.0,2150.0,2020/10/01,2021/09/30,Three Bedrooms
Lambeth,2977.0,3000.0,2020/10/01,2021/09/30,Four or more Bedrooms
Lambeth,1731.0,1600.0,2020/10/01,2021/09/30,All categories
Lewisham,671.0,700.0,2019/04/01,2020/03/31,Room
Lewisham,872.0,850.0,2019/04/01,2020/03/31,Studio
Lewisham,1141.0,1118.0,2019/04/01,2020/03/31,One Bedroom
Lewisham,1355.0,1350.0,2019/04/01,2020/03/31,Two Bedrooms
Lewisham,1635.0,1600.0,2019/04/01,2020/03/31,Three Bedrooms
Lewisham,2291.0,2200.0,2019/04/01,2020/03/31,Four or more Bedrooms
Lewisham,1316.0,1300.0,2019/04/01,2020/03/31,All categories
Lewisham,699.0,695.0,2020/04/01,2021/03/31,Room
Lewisham,904.0,875.0,2020/04/01,2021/03/31,Studio
Lewisham,1122.0,1100.0,2020/04/01,2021/03/31,One Bedroom
Lewisham,1362.0,1350.0,2020/04/01,2021/03/31,Two Bedrooms
Lewisham,1715.0,1650.0,2020/04/01,2021/03/31,Three Bedrooms
Lewisham,2232.0,2250.0,2020/04/01,2021/03/31,Four or more Bedrooms
Lewisham,1313.0,1250.0,2020/04/01,2021/03/31,All categories
Lewisham,692.0,650.0,2021/04/01,2022/03/31,Room
Lewisham,878.0,860.0,2021/04/01,2022/03/31,Studio
Lewisham,1156.0,1125.0,2021/04/01,2022/03/31,One Bedroom
Lewisham,1397.0,1350.0,2021/04/01,2022/03/31,Two Bedrooms
Lewisham,1676.0,1600.0,2021/04/01,2022/03/31,Three Bedrooms
Lewisham,2349.0,2200.0,2021/04/01,2022/03/31,Four or more Bedrooms
Lewisham,1359.0,1300.0,2021/04/01,2022/03/31,All categories
Lewisham,588.0,575.0,2018/10/01,2019/09/30,Room
Lewisham,883.0,875.0,2018/10/01,2019/09/30,Studio
Lewisham,1101.0,1100.0,2018/10/01,2019/09/30,One Bedroom
Lewisham,1330.0,1300.0,2018/10/01,2019/09/30,Two Bedrooms
Lewisham,1660.0,1600.0,2018/10/01,2019/09/30,Three Bedrooms
Lewisham,2368.0,2375.0,2018/10/01,2019/09/30,Four or more Bedrooms
Lewisham,1324.0,1250.0,2018/10/01,2019/09/30,All categories
Lewisham,683.0,700.0,2019/10/01,2020/09/30,Room
Lewisham,894.0,850.0,2019/10/01,2020/09/30,Studio
Lewisham,1163.0,1150.0,2019/10/01,2020/09/30,One Bedroom
Lewisham,1372.0,1350.0,2019/10/01,2020/09/30,Two Bedrooms
Lewisham,1665.0,1613.0,2019/10/01,2020/09/30,Three Bedrooms
Lewisham,2292.0,2200.0,2019/10/01,2020/09/30,Four or more Bedrooms
Lewisham,1322.0,1300.0,2019/10/01,2020/09/30,All categories
Lewisham,692.0,673.0,2020/10/01,2021/09/30,Room
Lewisham,896.0,898.0,2020/10/01,2021/09/30,Studio
Lewisham,1148.0,1100.0,2020/10/01,2021/09/30,One Bedroom
Lewisham,1390.0,1350.0,2020/10/01,2021/09/30,Two Bedrooms
Lewisham,1702.0,1650.0,2020/10/01,2021/09/30,Three Bedrooms
Lewisham,2325.0,2200.0,2020/10/01,2021/09/30,Four or more Bedrooms
Lewisham,1350.0,1300.0,2020/10/01,2021/09/30,All categories
Newham,614.0,600.0,2019/04/01,2020/03/31,Room
Newham,982.0,900.0,2019/04/01,2020/03/31,Studio
Newham,1189.0,1150.0,2019/04/01,2020/03/31,One Bedroom
Newham,1493.0,1425.0,2019/04/01,2020/03/31,Two Bedrooms
Newham,1708.0,1650.0,2019/04/01,2020/03/31,Three Bedrooms
Newham,2036.0,1950.0,2019/04/01,2020/03/31,Four or more Bedrooms
Newham,1453.0,1400.0,2019/04/01,2020/03/31,All categories
Newham,692.0,725.0,2020/04/01,2021/03/31,Room
Newham,1190.0,1200.0,2020/04/01,2021/03/31,Studio
Newham,1320.0,1350.0,2020/04/01,2021/03/31,One Bedroom
Newham,1596.0,1600.0,2020/04/01,2021/03/31,Two Bedrooms
Newham,1861.0,1800.0,2020/04/01,2021/03/31,Three Bedrooms
Newham,2000.0,1950.0,2020/04/01,2021/03/31,Four or more Bedrooms
Newham,1536.0,1500.0,2020/04/01,2021/03/31,All categories
Newham,653.0,690.0,2021/04/01,2022/03/31,Room
Newham,1143.0,1206.0,2021/04/01,2022/03/31,Studio
Newham,1307.0,1325.0,2021/04/01,2022/03/31,One Bedroom
Newham,1589.0,1590.0,2021/04/01,2022/03/31,Two Bedrooms
Newham,1824.0,1750.0,2021/04/01,2022/03/31,Three Bedrooms
Newham,2069.0,2000.0,2021/04/01,2022/03/31,Four or more Bedrooms
Newham,1514.0,1474.0,2021/04/01,2022/03/31,All categories
Newham,620.0,600.0,2018/10/01,2019/09/30,Room
Newham,991.0,1000.0,2018/10/01,2019/09/30,Studio
Newham,1179.0,1150.0,2018/10/01,2019/09/30,One Bedroom
Newham,1458.0,1400.0,2018/10/01,2019/09/30,Two Bedrooms
Newham,1702.0,1658.0,2018/10/01,2019/09/30,Three Bedrooms
Newham,2010.0,1946.0,2018/10/01,2019/09/30,Four or more Bedrooms
Newham,1424.0,1400.0,2018/10/01,2019/09/30,All categories
Newham,634.0,607.0,2019/10/01,2020/09/30,Room
Newham,1124.0,1161.0,2019/10/01,2020/09/30,Studio
Newham,1222.0,1200.0,2019/10/01,2020/09/30,One Bedroom
Newham,1513.0,1450.0,2019/10/01,2020/09/30,Two Bedrooms
Newham,1754.0,1700.0,2019/10/01,2020/09/30,Three Bedrooms
Newham,2077.0,2000.0,2019/10/01,2020/09/30,Four or more Bedrooms
Newham,1476.0,1430.0,2019/10/01,2020/09/30,All categories
Newham,665.0,675.0,2020/10/01,2021/09/30,Room
Newham,1143.0,1208.0,2020/10/01,2021/09/30,Studio
Newham,1295.0,1325.0,2020/10/01,2021/09/30,One Bedroom
Newham,1580.0,1583.0,2020/10/01,2021/09/30,Two Bedrooms
Newham,1813.0,1750.0,2020/10/01,2021/09/30,Three Bedrooms
Newham,2008.0,1920.0,2020/10/01,2021/09/30,Four or more Bedrooms
Newham,1510.0,1474.0,2020/10/01,2021/09/30,All categories
Southwark,699.0,700.0,2019/04/01,2020/03/31,Room
Southwark,1032.0,1000.0,2019/04/01,2020/03/31,Studio
Southwark,1424.0,1350.0,2019/04/01,2020/03/31,One Bedroom
Southwark,1753.0,1650.0,2019/04/01,2020/03/31,Two Bedrooms
Southwark,2171.0,2150.0,2019/04/01,2020/03/31,Three Bedrooms
Southwark,2664.0,2600.0,2019/04/01,2020/03/31,Four or more Bedrooms
Southwark,1718.0,1600.0,2019/04/01,2020/03/31,All categories
Southwark,724.0,725.0,2020/04/01,2021/03/31,Room
Southwark,1164.0,1030.0,2020/04/01,2021/03/31,Studio
Southwark,1399.0,1305.0,2020/04/01,2021/03/31,One Bedroom
Southwark,1741.0,1650.0,2020/04/01,2021/03/31,Two Bedrooms
Southwark,2160.0,2100.0,2020/04/01,2021/03/31,Three Bedrooms
Southwark,2897.0,2700.0,2020/04/01,2021/03/31,Four or more Bedrooms
Southwark,1725.0,1615.0,2020/04/01,2021/03/31,All categories
Southwark,722.0,748.0,2021/04/01,2022/03/31,Room
Southwark,1109.0,1063.0,2021/04/01,2022/03/31,Studio
Southwark,1379.0,1300.0,2021/04/01,2022/03/31,One Bedroom
Southwark,1744.0,1650.0,2021/04/01,2022/03/31,Two Bedrooms
Southwark,2183.0,2100.0,2021/04/01,2022/03/31,Three Bedrooms
Southwark,3249.0,3100.0,2021/04/01,2022/03/31,Four or more Bedrooms
Southwark,1761.0,1600.0,2021/04/01,2022/03/31,All categories
Southwark,686.0,700.0,2018/10/01,2019/09/30,Room
Southwark,1095.0,1013.0,2018/10/01,2019/09/30,Studio
Southwark,1395.0,1300.0,2018/10/01,2019/09/30,One Bedroom
Southwark,1705.0,1600.0,2018/10/01,2019/09/30,Two Bedrooms
Southwark,2046.0,2000.0,2018/10/01,2019/09/30,Three Bedrooms
Southwark,2833.0,2700.0,2018/10/01,2019/09/30,Four or more Bedrooms
Southwark,1654.0,1517.0,2018/10/01,2019/09/30,All categories
Southwark,699.0,700.0,2019/10/01,2020/09/30,Room
Southwark,1103.0,1100.0,2019/10/01,2020/09/30,Studio
Southwark,1405.0,1350.0,2019/10/01,2020/09/30,One Bedroom
Southwark,1753.0,1668.0,2019/10/01,2020/09/30,Two Bedrooms
Southwark,2195.0,2100.0,2019/10/01,2020/09/30,Three Bedrooms
Southwark,2718.0,2650.0,2019/10/01,2020/09/30,Four or more Bedrooms
Southwark,1720.0,1603.0,2019/10/01,2020/09/30,All categories
Southwark,718.0,725.0,2020/10/01,2021/09/30,Room
Southwark,1132.0,1050.0,2020/10/01,2021/09/30,Studio
Southwark,1370.0,1300.0,2020/10/01,2021/09/30,One Bedroom
Southwark,1729.0,1630.0,2020/10/01,2021/09/30,Two Bedrooms
Southwark,2163.0,2100.0,2020/10/01,2021/09/30,Three Bedrooms
Southwark,3043.0,2900.0,2020/10/01,2021/09/30,Four or more Bedrooms
Southwark,1732.0,1600.0,2020/10/01,2021/09/30,All categories
Tower Hamlets,722.0,713.0,2019/04/01,2020/03/31,Room
Tower Hamlets,1402.0,1364.0,2019/04/01,2020/03/31,Studio
Tower Hamlets,1558.0,1500.0,2019/04/01,2020/03/31,One Bedroom
Tower Hamlets,1982.0,1842.0,2019/04/01,2020/03/31,Two Bedrooms
Tower Hamlets,2463.0,2262.0,2019/04/01,2020/03/31,Three Bedrooms
Tower Hamlets,2909.0,2741.0,2019/04/01,2020/03/31,Four or more Bedrooms
Tower Hamlets,1835.0,1700.0,2019/04/01,2020/03/31,All categories
Tower Hamlets,705.0,685.0,2020/04/01,2021/03/31,Room
Tower Hamlets,1247.0,1250.0,2020/04/01,2021/03/31,Studio
Tower Hamlets,1434.0,1375.0,2020/04/01,2021/03/31,One Bedroom
Tower Hamlets,1777.0,1695.0,2020/04/01,2021/03/31,Two Bedrooms
Tower Hamlets,2203.0,2100.0,2020/04/01,2021/03/31,Three Bedrooms
Tower Hamlets,2984.0,2817.0,2020/04/01,2021/03/31,Four or more Bedrooms
Tower Hamlets,1718.0,1600.0,2020/04/01,2021/03/31,All categories
Tower Hamlets,668.0,650.0,2021/04/01,2022/03/31,Room
Tower Hamlets,1265.0,1200.0,2021/04/01,2022/03/31,Studio
Tower Hamlets,1418.0,1375.0,2021/04/01,2022/03/31,One Bedroom
Tower Hamlets,1731.0,1650.0,2021/04/01,2022/03/31,Two Bedrooms
Tower Hamlets,2178.0,2066.0,2021/04/01,2022/03/31,Three Bedrooms
Tower Hamlets,2742.0,2725.0,2021/04/01,2022/03/31,Four or more Bedrooms
Tower Hamlets,1663.0,1575.0,2021/04/01,2022/03/31,All categories
Tower Hamlets,729.0,697.0,2018/10/01,2019/09/30,Room
Tower Hamlets,1373.0,1343.0,2018/10/01,2019/09/30,Studio
Tower Hamlets,1511.0,1430.0,2018/10/01,2019/09/30,One Bedroom
Tower Hamlets,1905.0,1750.0,2018/10/01,2019/09/30,Two Bedrooms
Tower Hamlets,2349.0,2150.0,2018/10/01,2019/09/30,Three Bedrooms
Tower Hamlets,2776.0,2708.0,2018/10/01,2019/09/30,Four or more Bedrooms
Tower Hamlets,1803.0,1668.0,2018/10/01,2019/09/30,All categories
Tower Hamlets,709.0,705.0,2019/10/01,2020/09/30,Room
Tower Hamlets,1398.0,1350.0,2019/10/01,2020/09/30,Studio
Tower Hamlets,1547.0,1475.0,2019/10/01,2020/09/30,One Bedroom
Tower Hamlets,1933.0,1778.0,2019/10/01,2020/09/30,Two Bedrooms
Tower Hamlets,2365.0,2235.0,2019/10/01,2020/09/30,Three Bedrooms
Tower Hamlets,2845.0,2675.0,2019/10/01,2020/09/30,Four or more Bedrooms
Tower Hamlets,1810.0,1675.0,2019/10/01,2020/09/30,All categories
Tower Hamlets,658.0,650.0,2020/10/01,2021/09/30,Room
Tower Hamlets,1195.0,1170.0,2020/10/01,2021/09/30,Studio
Tower Hamlets,1391.0,1350.0,2020/10/01,2021/09/30,One Bedroom
Tower Hamlets,1717.0,1650.0,2020/10/01,2021/09/30,Two Bedrooms
Tower Hamlets,2110.0,2000.0,2020/10/01,2021/09/30,Three Bedrooms
Tower Hamlets,2825.0,2750.0,2020/10/01,2021/09/30,Four or more Bedrooms
Tower Hamlets,1649.0,1550.0,2020/10/01,2021/09/30,All categories
Wandsworth,553.0,500.0,2019/04/01,2020/03/31,Room
Wandsworth,1069.0,1050.0,2019/04/01,2020/03/31,Studio
Wandsworth,1420.0,1400.0,2019/04/01,2020/03/31,One Bedroom
Wandsworth,1798.0,1733.0,2019/04/01,2020/03/31,Two Bedrooms
Wandsworth,2321.0,2250.0,2019/04/01,2020/03/31,Three Bedrooms
Wandsworth,3300.0,3150.0,2019/04/01,2020/03/31,Four or more Bedrooms
Wandsworth,1958.0,1750.0,2019/04/01,2020/03/31,All categories
Wandsworth,553.0,500.0,2020/04/01,2021/03/31,Room
Wandsworth,1058.0,1019.0,2020/04/01,2021/03/31,Studio
Wandsworth,1430.0,1400.0,2020/04/01,2021/03/31,One Bedroom
Wandsworth,1812.0,1750.0,2020/04/01,2021/03/31,Two Bedrooms
Wandsworth,2314.0,2263.0,2020/04/01,2021/03/31,Three Bedrooms
Wandsworth,3111.0,3100.0,2020/04/01,2021/03/31,Four or more Bedrooms
Wandsworth,1922.0,1733.0,2020/04/01,2021/03/31,All categories
Wandsworth,529.0,500.0,2021/04/01,2022/03/31,Room
Wandsworth,1041.0,1000.0,2021/04/01,2022/03/31,Studio
Wandsworth,1441.0,1400.0,2021/04/01,2022/03/31,One Bedroom
Wandsworth,1859.0,1795.0,2021/04/01,2022/03/31,Two Bedrooms
Wandsworth,2346.0,2300.0,2021/04/01,2022/03/31,Three Bedrooms
Wandsworth,3331.0,3300.0,2021/04/01,2022/03/31,Four or more Bedrooms
Wandsworth,1957.0,1750.0,2021/04/01,2022/03/31,All categories
Wandsworth,632.0,650.0,2018/10/01,2019/09/30,Room
Wandsworth,1050.0,1024.0,2018/10/01,2019/09/30,Studio
Wandsworth,1409.0,1400.0,2018/10/01,2019/09/30,One Bedroom
Wandsworth,1782.0,1725.0,2018/10/01,2019/09/30,Two Bedrooms
Wandsworth,2275.0,2250.0,2018/10/01,2019/09/30,Three Bedrooms
Wandsworth,3263.0,3050.0,2018/10/01,2019/09/30,Four or more Bedrooms
Wandsworth,1883.0,1700.0,2018/10/01,2019/09/30,All categories
Wandsworth,553.0,500.0,2019/10/01,2020/09/30,Room
Wandsworth,1065.0,1050.0,2019/10/01,2020/09/30,Studio
Wandsworth,1418.0,1400.0,2019/10/01,2020/09/30,One Bedroom
Wandsworth,1792.0,1750.0,2019/10/01,2020/09/30,Two Bedrooms
Wandsworth,2297.0,2250.0,2019/10/01,2020/09/30,Three Bedrooms
Wandsworth,3157.0,3000.0,2019/10/01,2020/09/30,Four or more Bedrooms
Wandsworth,1948.0,1749.0,2019/10/01,2020/09/30,All categories
Wandsworth,500.0,500.0,2020/10/01,2021/09/30,Room
Wandsworth,1024.0,1000.0,2020/10/01,2021/09/30,Studio
Wandsworth,1385.0,1350.0,2020/10/01,2021/09/30,One Bedroom
Wandsworth,1789.0,1725.0,2020/10/01,2021/09/30,Two Bedrooms
Wandsworth,2270.0,2200.0,2020/10/01,2021/09/30,Three Bedrooms
Wandsworth,3185.0,3200.0,2020/10/01,2021/09/30,Four or more Bedrooms
Wandsworth,1902.0,1700.0,2020/10/01,2021/09/30,All categories
Westminster,907.0,888.0,2019/04/01,2020/03/31,Room
Westminster,1370.0,1213.0,2019/04/01,2020/03/31,Studio
Westminster,2176.0,2057.0,2019/04/01,2020/03/31,One Bedroom
Westminster,3053.0,2752.0,2019/04/01,2020/03/31,Two Bedrooms
Westminster,4757.0,3878.0,2019/04/01,2020/03/31,Three Bedrooms
Westminster,9386.0,7323.0,2019/04/01,2020/03/31,Four or more Bedrooms
Westminster,3046.0,2492.0,2019/04/01,2020/03/31,All categories
Westminster,849.0,844.0,2020/04/01,2021/03/31,Room
Westminster,1331.0,1213.0,2020/04/01,2021/03/31,Studio
Westminster,1982.0,1885.0,2020/04/01,2021/03/31,One Bedroom
Westminster,2731.0,2500.0,2020/04/01,2021/03/31,Two Bedrooms
Westminster,4117.0,3683.0,2020/04/01,2021/03/31,Three Bedrooms
Westminster,7307.0,5762.0,2020/04/01,2021/03/31,Four or more Bedrooms
Westminster,2605.0,2232.0,2020/04/01,2021/03/31,All categories
Westminster,774.0,750.0,2021/04/01,2022/03/31,Room
Westminster,1225.0,1213.0,2021/04/01,2022/03/31,Studio
Westminster,1862.0,1700.0,2021/04/01,2022/03/31,One Bedroom
Westminster,2543.0,2275.0,2021/04/01,2022/03/31,Two Bedrooms
Westminster,3797.0,3433.0,2021/04/01,2022/03/31,Three Bedrooms
Westminster,5654.0,4937.0,2021/04/01,2022/03/31,Four or more Bedrooms
Westminster,2359.0,2000.0,2021/04/01,2022/03/31,All categories
Westminster,866.0,843.0,2018/10/01,2019/09/30,Room
Westminster,1427.0,1387.0,2018/10/01,2019/09/30,Studio
Westminster,2096.0,1950.0,2018/10/01,2019/09/30,One Bedroom
Westminster,2963.0,2600.0,2018/10/01,2019/09/30,Two Bedrooms
Westminster,4826.0,3750.0,2018/10/01,2019/09/30,Three Bedrooms
Westminster,8398.0,6337.0,2018/10/01,2019/09/30,Four or more Bedrooms
Westminster,3018.0,2383.0,2018/10/01,2019/09/30,All categories
Westminster,907.0,888.0,2019/10/01,2020/09/30,Room
Westminster,1371.0,1213.0,2019/10/01,2020/09/30,Studio
Westminster,2113.0,1993.0,2019/10/01,2020/09/30,One Bedroom
Westminster,2920.0,2708.0,2019/10/01,2020/09/30,Two Bedrooms
Westminster,4152.0,3878.0,2019/10/01,2020/09/30,Three Bedrooms
Westminster,8505.0,7323.0,2019/10/01,2020/09/30,Four or more Bedrooms
Westminster,2822.0,2395.0,2019/10/01,2020/09/30,All categories
Westminster,796.0,758.0,2020/10/01,2021/09/30,Room
Westminster,1314.0,1213.0,2020/10/01,2021/09/30,Studio
Westminster,1968.0,1842.0,2020/10/01,2021/09/30,One Bedroom
Westminster,2666.0,2470.0,2020/10/01,2021/09/30,Two Bedrooms
Westminster,3999.0,3575.0,2020/10/01,2021/09/30,Three Bedrooms
Westminster,7618.0,6533.0,2020/10/01,2021/09/30,Four or more Bedrooms
Westminster,2528.0,2167.0,2020/10/01,2021/09/30,All categories
Barking and Dagenham,589.0,600.0,2019/04/01,2020/03/31,Room
Barking and Dagenham,753.0,740.0,2019/04/01,2020/03/31,Studio
Barking and Dagenham,977.0,1000.0,2019/04/01,2020/03/31,One Bedroom
Barking and Dagenham,1196.0,1200.0,2019/04/01,2020/03/31,Two Bedrooms
Barking and Dagenham,1428.0,1400.0,2019/04/01,2020/03/31,Three Bedrooms
Barking and Dagenham,1656.0,1650.0,2019/04/01,2020/03/31,Four or more Bedrooms
Barking and Dagenham,1208.0,1200.0,2019/04/01,2020/03/31,All categories
Barking and Dagenham,588.0,600.0,2020/04/01,2021/03/31,Room
Barking and Dagenham,760.0,750.0,2020/04/01,2021/03/31,Studio
Barking and Dagenham,987.0,1000.0,2020/04/01,2021/03/31,One Bedroom
Barking and Dagenham,1225.0,1200.0,2020/04/01,2021/03/31,Two Bedrooms
Barking and Dagenham,1419.0,1400.0,2020/04/01,2021/03/31,Three Bedrooms
Barking and Dagenham,1740.0,1700.0,2020/04/01,2021/03/31,Four or more Bedrooms
Barking and Dagenham,1226.0,1200.0,2020/04/01,2021/03/31,All categories
Barking and Dagenham,504.0,550.0,2021/04/01,2022/03/31,Room
Barking and Dagenham,744.0,730.0,2021/04/01,2022/03/31,Studio
Barking and Dagenham,1042.0,1050.0,2021/04/01,2022/03/31,One Bedroom
Barking and Dagenham,1286.0,1250.0,2021/04/01,2022/03/31,Two Bedrooms
Barking and Dagenham,1471.0,1450.0,2021/04/01,2022/03/31,Three Bedrooms
Barking and Dagenham,1747.0,1725.0,2021/04/01,2022/03/31,Four or more Bedrooms
Barking and Dagenham,1281.0,1275.0,2021/04/01,2022/03/31,All categories
Barking and Dagenham,593.0,600.0,2018/10/01,2019/09/30,Room
Barking and Dagenham,746.0,740.0,2018/10/01,2019/09/30,Studio
Barking and Dagenham,974.0,997.0,2018/10/01,2019/09/30,One Bedroom
Barking and Dagenham,1189.0,1200.0,2018/10/01,2019/09/30,Two Bedrooms
Barking and Dagenham,1418.0,1400.0,2018/10/01,2019/09/30,Three Bedrooms
Barking and Dagenham,1662.0,1650.0,2018/10/01,2019/09/30,Four or more Bedrooms
Barking and Dagenham,1194.0,1200.0,2018/10/01,2019/09/30,All categories
Barking and Dagenham,629.0,600.0,2019/10/01,2020/09/30,Room
Barking and Dagenham,729.0,730.0,2019/10/01,2020/09/30,Studio
Barking and Dagenham,981.0,1000.0,2019/10/01,2020/09/30,One Bedroom
Barking and Dagenham,1208.0,1200.0,2019/10/01,2020/09/30,Two Bedrooms
Barking and Dagenham,1441.0,1400.0,2019/10/01,2020/09/30,Three Bedrooms
Barking and Dagenham,1655.0,1675.0,2019/10/01,2020/09/30,Four or more Bedrooms
Barking and Dagenham,1206.0,1200.0,2019/10/01,2020/09/30,All categories
Barking and Dagenham,514.0,575.0,2020/10/01,2021/09/30,Room
Barking and Dagenham,765.0,750.0,2020/10/01,2021/09/30,Studio
Barking and Dagenham,990.0,1000.0,2020/10/01,2021/09/30,One Bedroom
Barking and Dagenham,1211.0,1200.0,2020/10/01,2021/09/30,Two Bedrooms
Barking and Dagenham,1425.0,1400.0,2020/10/01,2021/09/30,Three Bedrooms
Barking and Dagenham,1729.0,1700.0,2020/10/01,2021/09/30,Four or more Bedrooms
Barking and Dagenham,1227.0,1200.0,2020/10/01,2021/09/30,All categories
Barnet,619.0,620.0,2019/04/01,2020/03/31,Room
Barnet,896.0,900.0,2019/04/01,2020/03/31,Studio
Barnet,1172.0,1165.0,2019/04/01,2020/03/31,One Bedroom
Barnet,1421.0,1400.0,2019/04/01,2020/03/31,Two Bedrooms
Barnet,1809.0,1800.0,2019/04/01,2020/03/31,Three Bedrooms
Barnet,2551.0,2300.0,2019/04/01,2020/03/31,Four or more Bedrooms
Barnet,1499.0,1400.0,2019/04/01,2020/03/31,All categories
Barnet,619.0,620.0,2020/04/01,2021/03/31,Room
Barnet,957.0,950.0,2020/04/01,2021/03/31,Studio
Barnet,1164.0,1150.0,2020/04/01,2021/03/31,One Bedroom
Barnet,1406.0,1400.0,2020/04/01,2021/03/31,Two Bedrooms
Barnet,1774.0,1798.0,2020/04/01,2021/03/31,Three Bedrooms
Barnet,2384.0,2200.0,2020/04/01,2021/03/31,Four or more Bedrooms
Barnet,1436.0,1350.0,2020/04/01,2021/03/31,All categories
Barnet,626.0,620.0,2021/04/01,2022/03/31,Room
Barnet,912.0,900.0,2021/04/01,2022/03/31,Studio
Barnet,1178.0,1150.0,2021/04/01,2022/03/31,One Bedroom
Barnet,1413.0,1400.0,2021/04/01,2022/03/31,Two Bedrooms
Barnet,1827.0,1800.0,2021/04/01,2022/03/31,Three Bedrooms
Barnet,2573.0,2455.0,2021/04/01,2022/03/31,Four or more Bedrooms
Barnet,1461.0,1350.0,2021/04/01,2022/03/31,All categories
Barnet,600.0,600.0,2018/10/01,2019/09/30,Room
Barnet,910.0,900.0,2018/10/01,2019/09/30,Studio
Barnet,1164.0,1150.0,2018/10/01,2019/09/30,One Bedroom
Barnet,1423.0,1387.0,2018/10/01,2019/09/30,Two Bedrooms
Barnet,1877.0,1798.0,2018/10/01,2019/09/30,Three Bedrooms
Barnet,2859.0,2349.0,2018/10/01,2019/09/30,Four or more Bedrooms
Barnet,1523.0,1350.0,2018/10/01,2019/09/30,All categories
Barnet,619.0,620.0,2019/10/01,2020/09/30,Room
Barnet,906.0,900.0,2019/10/01,2020/09/30,Studio
Barnet,1164.0,1150.0,2019/10/01,2020/09/30,One Bedroom
Barnet,1410.0,1400.0,2019/10/01,2020/09/30,Two Bedrooms
Barnet,1801.0,1800.0,2019/10/01,2020/09/30,Three Bedrooms
Barnet,2594.0,2413.0,2019/10/01,2020/09/30,Four or more Bedrooms
Barnet,1485.0,1400.0,2019/10/01,2020/09/30,All categories
Barnet,632.0,650.0,2020/10/01,2021/09/30,Room
Barnet,932.0,908.0,2020/10/01,2021/09/30,Studio
Barnet,1154.0,1150.0,2020/10/01,2021/09/30,One Bedroom
Barnet,1406.0,1400.0,2020/10/01,2021/09/30,Two Bedrooms
Barnet,1815.0,1800.0,2020/10/01,2021/09/30,Three Bedrooms
Barnet,2454.0,2350.0,2020/10/01,2021/09/30,Four or more Bedrooms
Barnet,1448.0,1350.0,2020/10/01,2021/09/30,All categories
Bexley,498.0,450.0,2019/04/01,2020/03/31,Room
Bexley,683.0,700.0,2019/04/01,2020/03/31,Studio
Bexley,852.0,875.0,2019/04/01,2020/03/31,One Bedroom
Bexley,1097.0,1100.0,2019/04/01,2020/03/31,Two Bedrooms
Bexley,1297.0,1300.0,2019/04/01,2020/03/31,Three Bedrooms
Bexley,1737.0,1700.0,2019/04/01,2020/03/31,Four or more Bedrooms
Bexley,1092.0,1100.0,2019/04/01,2020/03/31,All categories
Bexley,562.0,450.0,2020/04/01,2021/03/31,Room
Bexley,711.0,713.0,2020/04/01,2021/03/31,Studio
Bexley,873.0,875.0,2020/04/01,2021/03/31,One Bedroom
Bexley,1159.0,1150.0,2020/04/01,2021/03/31,Two Bedrooms
Bexley,1375.0,1375.0,2020/04/01,2021/03/31,Three Bedrooms
Bexley,1951.0,1795.0,2020/04/01,2021/03/31,Four or more Bedrooms
Bexley,1192.0,1150.0,2020/04/01,2021/03/31,All categories
Bexley,819.0,866.0,2021/04/01,2022/03/31,Room
Bexley,804.0,800.0,2021/04/01,2022/03/31,Studio
Bexley,934.0,925.0,2021/04/01,2022/03/31,One Bedroom
Bexley,1182.0,1200.0,2021/04/01,2022/03/31,Two Bedrooms
Bexley,1398.0,1400.0,2021/04/01,2022/03/31,Three Bedrooms
Bexley,1744.0,1730.0,2021/04/01,2022/03/31,Four or more Bedrooms
Bexley,1198.0,1168.0,2021/04/01,2022/03/31,All categories
Bexley,454.0,438.0,2018/10/01,2019/09/30,Room
Bexley,672.0,700.0,2018/10/01,2019/09/30,Studio
Bexley,833.0,825.0,2018/10/01,2019/09/30,One Bedroom
Bexley,1089.0,1100.0,2018/10/01,2019/09/30,Two Bedrooms
Bexley,1285.0,1300.0,2018/10/01,2019/09/30,Three Bedrooms
Bexley,1560.0,1500.0,2018/10/01,2019/09/30,Four or more Bedrooms
Bexley,1106.0,1100.0,2018/10/01,2019/09/30,All categories
Bexley,512.0,450.0,2019/10/01,2020/09/30,Room
Bexley,688.0,700.0,2019/10/01,2020/09/30,Studio
Bexley,854.0,850.0,2019/10/01,2020/09/30,One Bedroom
Bexley,1105.0,1100.0,2019/10/01,2020/09/30,Two Bedrooms
Bexley,1281.0,1300.0,2019/10/01,2020/09/30,Three Bedrooms
Bexley,1724.0,1550.0,2019/10/01,2020/09/30,Four or more Bedrooms
Bexley,1113.0,1100.0,2019/10/01,2020/09/30,All categories
Bexley,527.0,500.0,2020/10/01,2021/09/30,Room
Bexley,776.0,775.0,2020/10/01,2021/09/30,Studio
Bexley,912.0,900.0,2020/10/01,2021/09/30,One Bedroom
Bexley,1166.0,1150.0,2020/10/01,2021/09/30,Two Bedrooms
Bexley,1396.0,1400.0,2020/10/01,2021/09/30,Three Bedrooms
Bexley,1853.0,1800.0,2020/10/01,2021/09/30,Four or more Bedrooms
Bexley,1204.0,1200.0,2020/10/01,2021/09/30,All categories
Brent,642.0,639.0,2019/04/01,2020/03/31,Room
Brent,939.0,950.0,2019/04/01,2020/03/31,Studio
Brent,1169.0,1163.0,2019/04/01,2020/03/31,One Bedroom
Brent,1430.0,1400.0,2019/04/01,2020/03/31,Two Bedrooms
Brent,1816.0,1750.0,2019/04/01,2020/03/31,Three Bedrooms
Brent,2224.0,2100.0,2019/04/01,2020/03/31,Four or more Bedrooms
Brent,1502.0,1450.0,2019/04/01,2020/03/31,All categories
Brent,582.0,575.0,2020/04/01,2021/03/31,Room
Brent,890.0,866.0,2020/04/01,2021/03/31,Studio
Brent,1169.0,1150.0,2020/04/01,2021/03/31,One Bedroom
Brent,1430.0,1400.0,2020/04/01,2021/03/31,Two Bedrooms
Brent,1791.0,1750.0,2020/04/01,2021/03/31,Three Bedrooms
Brent,2204.0,2100.0,2020/04/01,2021/03/31,Four or more Bedrooms
Brent,1472.0,1425.0,2020/04/01,2021/03/31,All categories
Brent,587.0,550.0,2021/04/01,2022/03/31,Room
Brent,877.0,863.0,2021/04/01,2022/03/31,Studio
Brent,1198.0,1170.0,2021/04/01,2022/03/31,One Bedroom
Brent,1440.0,1400.0,2021/04/01,2022/03/31,Two Bedrooms
Brent,1799.0,1775.0,2021/04/01,2022/03/31,Three Bedrooms
Brent,2210.0,2200.0,2021/04/01,2022/03/31,Four or more Bedrooms
Brent,1486.0,1450.0,2021/04/01,2022/03/31,All categories
Brent,647.0,625.0,2018/10/01,2019/09/30,Room
Brent,919.0,900.0,2018/10/01,2019/09/30,Studio
Brent,1204.0,1200.0,2018/10/01,2019/09/30,One Bedroom
Brent,1463.0,1430.0,2018/10/01,2019/09/30,Two Bedrooms
Brent,1822.0,1750.0,2018/10/01,2019/09/30,Three Bedrooms
Brent,2428.0,2200.0,2018/10/01,2019/09/30,Four or more Bedrooms
Brent,1535.0,1452.0,2018/10/01,2019/09/30,All categories
Brent,633.0,625.0,2019/10/01,2020/09/30,Room
Brent,928.0,910.0,2019/10/01,2020/09/30,Studio
Brent,1195.0,1200.0,2019/10/01,2020/09/30,One Bedroom
Brent,1447.0,1430.0,2019/10/01,2020/09/30,Two Bedrooms
Brent,1829.0,1776.0,2019/10/01,2020/09/30,Three Bedrooms
Brent,2210.0,2100.0,2019/10/01,2020/09/30,Four or more Bedrooms
Brent,1494.0,1450.0,2019/10/01,2020/09/30,All categories
Brent,576.0,563.0,2020/10/01,2021/09/30,Room
Brent,874.0,850.0,2020/10/01,2021/09/30,Studio
Brent,1157.0,1150.0,2020/10/01,2021/09/30,One Bedroom
Brent,1426.0,1400.0,2020/10/01,2021/09/30,Two Bedrooms
Brent,1782.0,1750.0,2020/10/01,2021/09/30,Three Bedrooms
Brent,2188.0,2100.0,2020/10/01,2021/09/30,Four or more Bedrooms
Brent,1467.0,1400.0,2020/10/01,2021/09/30,All categories
Bromley,561.0,550.0,2019/04/01,2020/03/31,Room
Bromley,767.0,775.0,2019/04/01,2020/03/31,Studio
Bromley,982.0,975.0,2019/04/01,2020/03/31,One Bedroom
Bromley,1228.0,1215.0,2019/04/01,2020/03/31,Two Bedrooms
Bromley,1546.0,1500.0,2019/04/01,2020/03/31,Three Bedrooms
Bromley,2239.0,2000.0,2019/04/01,2020/03/31,Four or more Bedrooms
Bromley,1307.0,1200.0,2019/04/01,2020/03/31,All categories
Bromley,588.0,600.0,2020/04/01,2021/03/31,Room
Bromley,783.0,798.0,2020/04/01,2021/03/31,Studio
Bromley,1006.0,1000.0,2020/04/01,2021/03/31,One Bedroom
Bromley,1269.0,1250.0,2020/04/01,2021/03/31,Two Bedrooms
Bromley,1591.0,1558.0,2020/04/01,2021/03/31,Three Bedrooms
Bromley,2257.0,2000.0,2020/04/01,2021/03/31,Four or more Bedrooms
Bromley,1326.0,1250.0,2020/04/01,2021/03/31,All categories
Bromley,572.0,550.0,2021/04/01,2022/03/31,Room
Bromley,830.0,825.0,2021/04/01,2022/03/31,Studio
Bromley,1042.0,1039.0,2021/04/01,2022/03/31,One Bedroom
Bromley,1323.0,1300.0,2021/04/01,2022/03/31,Two Bedrooms
Bromley,1684.0,1600.0,2021/04/01,2022/03/31,Three Bedrooms
Bromley,2427.0,2200.0,2021/04/01,2022/03/31,Four or more Bedrooms
Bromley,1393.0,1300.0,2021/04/01,2022/03/31,All categories
Bromley,549.0,550.0,2018/10/01,2019/09/30,Room
Bromley,746.0,750.0,2018/10/01,2019/09/30,Studio
Bromley,966.0,950.0,2018/10/01,2019/09/30,One Bedroom
Bromley,1219.0,1200.0,2018/10/01,2019/09/30,Two Bedrooms
Bromley,1525.0,1500.0,2018/10/01,2019/09/30,Three Bedrooms
Bromley,2263.0,2000.0,2018/10/01,2019/09/30,Four or more Bedrooms
Bromley,1321.0,1200.0,2018/10/01,2019/09/30,All categories
Bromley,558.0,500.0,2019/10/01,2020/09/30,Room
Bromley,785.0,800.0,2019/10/01,2020/09/30,Studio
Bromley,1006.0,1000.0,2019/10/01,2020/09/30,One Bedroom
Bromley,1256.0,1250.0,2019/10/01,2020/09/30,Two Bedrooms
Bromley,1594.0,1550.0,2019/10/01,2020/09/30,Three Bedrooms
Bromley,2280.0,2000.0,2019/10/01,2020/09/30,Four or more Bedrooms
Bromley,1318.0,1225.0,2019/10/01,2020/09/30,All categories
Bromley,608.0,600.0,2020/10/01,2021/09/30,Room
Bromley,807.0,800.0,2020/10/01,2021/09/30,Studio
Bromley,1021.0,1000.0,2020/10/01,2021/09/30,One Bedroom
Bromley,1300.0,1300.0,2020/10/01,2021/09/30,Two Bedrooms
Bromley,1627.0,1600.0,2020/10/01,2021/09/30,Three Bedrooms
Bromley,2323.0,2010.0,2020/10/01,2021/09/30,Four or more Bedrooms
Bromley,1359.0,1258.0,2020/10/01,2021/09/30,All categories
Croydon,571.0,550.0,2019/04/01,2020/03/31,Room
Croydon,750.0,750.0,2019/04/01,2020/03/31,Studio
Croydon,948.0,930.0,2019/04/01,2020/03/31,One Bedroom
Croydon,1208.0,1200.0,2019/04/01,2020/03/31,Two Bedrooms
Croydon,1428.0,1450.0,2019/04/01,2020/03/31,Three Bedrooms
Croydon,1910.0,1848.0,2019/04/01,2020/03/31,Four or more Bedrooms
Croydon,1140.0,1100.0,2019/04/01,2020/03/31,All categories
Croydon,604.0,550.0,2020/04/01,2021/03/31,Room
Croydon,790.0,793.0,2020/04/01,2021/03/31,Studio
Croydon,989.0,965.0,2020/04/01,2021/03/31,One Bedroom
Croydon,1237.0,1200.0,2020/04/01,2021/03/31,Two Bedrooms
Croydon,1475.0,1490.0,2020/04/01,2021/03/31,Three Bedrooms
Croydon,1926.0,1895.0,2020/04/01,2021/03/31,Four or more Bedrooms
Croydon,1193.0,1150.0,2020/04/01,2021/03/31,All categories
Croydon,568.0,538.0,2021/04/01,2022/03/31,Room
Croydon,815.0,800.0,2021/04/01,2022/03/31,Studio
Croydon,991.0,950.0,2021/04/01,2022/03/31,One Bedroom
Croydon,1248.0,1250.0,2021/04/01,2022/03/31,Two Bedrooms
Croydon,1540.0,1500.0,2021/04/01,2022/03/31,Three Bedrooms
Croydon,2088.0,1975.0,2021/04/01,2022/03/31,Four or more Bedrooms
Croydon,1241.0,1200.0,2021/04/01,2022/03/31,All categories
Croydon,529.0,540.0,2018/10/01,2019/09/30,Room
Croydon,745.0,750.0,2018/10/01,2019/09/30,Studio
Croydon,950.0,925.0,2018/10/01,2019/09/30,One Bedroom
Croydon,1203.0,1200.0,2018/10/01,2019/09/30,Two Bedrooms
Croydon,1424.0,1425.0,2018/10/01,2019/09/30,Three Bedrooms
Croydon,1920.0,1835.0,2018/10/01,2019/09/30,Four or more Bedrooms
Croydon,1136.0,1100.0,2018/10/01,2019/09/30,All categories
Croydon,605.0,580.0,2019/10/01,2020/09/30,Room
Croydon,762.0,750.0,2019/10/01,2020/09/30,Studio
Croydon,964.0,950.0,2019/10/01,2020/09/30,One Bedroom
Croydon,1215.0,1200.0,2019/10/01,2020/09/30,Two Bedrooms
Croydon,1439.0,1450.0,2019/10/01,2020/09/30,Three Bedrooms
Croydon,1940.0,1873.0,2019/10/01,2020/09/30,Four or more Bedrooms
Croydon,1155.0,1129.0,2019/10/01,2020/09/30,All categories
Croydon,739.0,825.0,2020/10/01,2021/09/30,Room
Croydon,797.0,800.0,2020/10/01,2021/09/30,Studio
Croydon,1003.0,975.0,2020/10/01,2021/09/30,One Bedroom
Croydon,1249.0,1250.0,2020/10/01,2021/09/30,Two Bedrooms
Croydon,1535.0,1500.0,2020/10/01,2021/09/30,Three Bedrooms
Croydon,1966.0,1900.0,2020/10/01,2021/09/30,Four or more Bedrooms
Croydon,1240.0,1200.0,2020/10/01,2021/09/30,All categories
Ealing,624.0,600.0,2019/04/01,2020/03/31,Room
Ealing,900.0,900.0,2019/04/01,2020/03/31,Studio
Ealing,1222.0,1248.0,2019/04/01,2020/03/31,One Bedroom
Ealing,1509.0,1495.0,2019/04/01,2020/03/31,Two Bedrooms
Ealing,1920.0,1800.0,2019/04/01,2020/03/31,Three Bedrooms
Ealing,2687.0,2500.0,2019/04/01,2020/03/31,Four or more Bedrooms
Ealing,1569.0,1425.0,2019/04/01,2020/03/31,All categories
Ealing,829.0,800.0,2020/04/01,2021/03/31,Room
Ealing,981.0,974.0,2020/04/01,2021/03/31,Studio
Ealing,1245.0,1248.0,2020/04/01,2021/03/31,One Bedroom
Ealing,1559.0,1500.0,2020/04/01,2021/03/31,Two Bedrooms
Ealing,1974.0,1898.0,2020/04/01,2021/03/31,Three Bedrooms
Ealing,2750.0,2449.0,2020/04/01,2021/03/31,Four or more Bedrooms
Ealing,1544.0,1425.0,2020/04/01,2021/03/31,All categories
Ealing,668.0,675.0,2021/04/01,2022/03/31,Room
Ealing,932.0,925.0,2021/04/01,2022/03/31,Studio
Ealing,1238.0,1225.0,2021/04/01,2022/03/31,One Bedroom
Ealing,1530.0,1475.0,2021/04/01,2022/03/31,Two Bedrooms
Ealing,1907.0,1817.0,2021/04/01,2022/03/31,Three Bedrooms
Ealing,2716.0,2450.0,2021/04/01,2022/03/31,Four or more Bedrooms
Ealing,1542.0,1400.0,2021/04/01,2022/03/31,All categories
Ealing,668.0,645.0,2018/10/01,2019/09/30,Room
Ealing,917.0,935.0,2018/10/01,2019/09/30,Studio
Ealing,1199.0,1200.0,2018/10/01,2019/09/30,One Bedroom
Ealing,1437.0,1430.0,2018/10/01,2019/09/30,Two Bedrooms
Ealing,1755.0,1699.0,2018/10/01,2019/09/30,Three Bedrooms
Ealing,2481.0,2200.0,2018/10/01,2019/09/30,Four or more Bedrooms
Ealing,1463.0,1350.0,2018/10/01,2019/09/30,All categories
Ealing,784.0,780.0,2019/10/01,2020/09/30,Room
Ealing,908.0,900.0,2019/10/01,2020/09/30,Studio
Ealing,1238.0,1250.0,2019/10/01,2020/09/30,One Bedroom
Ealing,1531.0,1495.0,2019/10/01,2020/09/30,Two Bedrooms
Ealing,1955.0,1850.0,2019/10/01,2020/09/30,Three Bedrooms
Ealing,2804.0,2500.0,2019/10/01,2020/09/30,Four or more Bedrooms
Ealing,1568.0,1425.0,2019/10/01,2020/09/30,All categories
Ealing,715.0,700.0,2020/10/01,2021/09/30,Room
Ealing,985.0,975.0,2020/10/01,2021/09/30,Studio
Ealing,1222.0,1220.0,2020/10/01,2021/09/30,One Bedroom
Ealing,1512.0,1495.0,2020/10/01,2021/09/30,Two Bedrooms
Ealing,1915.0,1800.0,2020/10/01,2021/09/30,Three Bedrooms
Ealing,2551.0,2426.0,2020/10/01,2021/09/30,Four or more Bedrooms
Ealing,1511.0,1400.0,2020/10/01,2021/09/30,All categories
Enfield,553.0,538.0,2019/04/01,2020/03/31,Room
Enfield,845.0,850.0,2019/04/01,2020/03/31,Studio
Enfield,999.0,950.0,2019/04/01,2020/03/31,One Bedroom
Enfield,1304.0,1300.0,2019/04/01,2020/03/31,Two Bedrooms
Enfield,1596.0,1550.0,2019/04/01,2020/03/31,Three Bedrooms
Enfield,2043.0,2100.0,2019/04/01,2020/03/31,Four or more Bedrooms
Enfield,1292.0,1250.0,2019/04/01,2020/03/31,All categories
Enfield,553.0,540.0,2020/04/01,2021/03/31,Room
Enfield,831.0,850.0,2020/04/01,2021/03/31,Studio
Enfield,1035.0,1000.0,2020/04/01,2021/03/31,One Bedroom
Enfield,1316.0,1300.0,2020/04/01,2021/03/31,Two Bedrooms
Enfield,1589.0,1600.0,2020/04/01,2021/03/31,Three Bedrooms
Enfield,2052.0,2000.0,2020/04/01,2021/03/31,Four or more Bedrooms
Enfield,1327.0,1300.0,2020/04/01,2021/03/31,All categories
Enfield,774.0,807.0,2021/04/01,2022/03/31,Room
Enfield,788.0,810.0,2021/04/01,2022/03/31,Studio
Enfield,1049.0,1025.0,2021/04/01,2022/03/31,One Bedroom
Enfield,1349.0,1328.0,2021/04/01,2022/03/31,Two Bedrooms
Enfield,1645.0,1613.0,2021/04/01,2022/03/31,Three Bedrooms
Enfield,2200.0,2000.0,2021/04/01,2022/03/31,Four or more Bedrooms
Enfield,1359.0,1300.0,2021/04/01,2022/03/31,All categories
Enfield,583.0,550.0,2018/10/01,2019/09/30,Room
Enfield,835.0,825.0,2018/10/01,2019/09/30,Studio
Enfield,1062.0,1050.0,2018/10/01,2019/09/30,One Bedroom
Enfield,1323.0,1300.0,2018/10/01,2019/09/30,Two Bedrooms
Enfield,1661.0,1560.0,2018/10/01,2019/09/30,Three Bedrooms
Enfield,2229.0,2000.0,2018/10/01,2019/09/30,Four or more Bedrooms
Enfield,1310.0,1250.0,2018/10/01,2019/09/30,All categories
Enfield,630.0,550.0,2019/10/01,2020/09/30,Room
Enfield,844.0,850.0,2019/10/01,2020/09/30,Studio
Enfield,979.0,950.0,2019/10/01,2020/09/30,One Bedroom
Enfield,1301.0,1300.0,2019/10/01,2020/09/30,Two Bedrooms
Enfield,1569.0,1533.0,2019/10/01,2020/09/30,Three Bedrooms
Enfield,1991.0,1826.0,2019/10/01,2020/09/30,Four or more Bedrooms
Enfield,1301.0,1265.0,2019/10/01,2020/09/30,All categories
Enfield,690.0,600.0,2020/10/01,2021/09/30,Room
Enfield,816.0,850.0,2020/10/01,2021/09/30,Studio
Enfield,1035.0,1000.0,2020/10/01,2021/09/30,One Bedroom
Enfield,1329.0,1300.0,2020/10/01,2021/09/30,Two Bedrooms
Enfield,1625.0,1600.0,2020/10/01,2021/09/30,Three Bedrooms
Enfield,2169.0,2100.0,2020/10/01,2021/09/30,Four or more Bedrooms
Enfield,1342.0,1300.0,2020/10/01,2021/09/30,All categories
Greenwich,671.0,625.0,2019/04/01,2020/03/31,Room
Greenwich,971.0,900.0,2019/04/01,2020/03/31,Studio
Greenwich,1210.0,1250.0,2019/04/01,2020/03/31,One Bedroom
Greenwich,1458.0,1400.0,2019/04/01,2020/03/31,Two Bedrooms
Greenwich,1772.0,1625.0,2019/04/01,2020/03/31,Three Bedrooms
Greenwich,2276.0,2100.0,2019/04/01,2020/03/31,Four or more Bedrooms
Greenwich,1476.0,1375.0,2019/04/01,2020/03/31,All categories
Greenwich,680.0,670.0,2020/04/01,2021/03/31,Room
Greenwich,945.0,875.0,2020/04/01,2021/03/31,Studio
Greenwich,1195.0,1200.0,2020/04/01,2021/03/31,One Bedroom
Greenwich,1457.0,1400.0,2020/04/01,2021/03/31,Two Bedrooms
Greenwich,1711.0,1600.0,2020/04/01,2021/03/31,Three Bedrooms
Greenwich,2069.0,1950.0,2020/04/01,2021/03/31,Four or more Bedrooms
Greenwich,1422.0,1350.0,2020/04/01,2021/03/31,All categories
Greenwich,638.0,625.0,2021/04/01,2022/03/31,Room
Greenwich,938.0,950.0,2021/04/01,2022/03/31,Studio
Greenwich,1220.0,1200.0,2021/04/01,2022/03/31,One Bedroom
Greenwich,1445.0,1400.0,2021/04/01,2022/03/31,Two Bedrooms
Greenwich,1785.0,1700.0,2021/04/01,2022/03/31,Three Bedrooms
Greenwich,2545.0,2225.0,2021/04/01,2022/03/31,Four or more Bedrooms
Greenwich,1484.0,1375.0,2021/04/01,2022/03/31,All categories
Greenwich,655.0,613.0,2018/10/01,2019/09/30,Room
Greenwich,897.0,813.0,2018/10/01,2019/09/30,Studio
Greenwich,1171.0,1200.0,2018/10/01,2019/09/30,One Bedroom
Greenwich,1432.0,1350.0,2018/10/01,2019/09/30,Two Bedrooms
Greenwich,1714.0,1600.0,2018/10/01,2019/09/30,Three Bedrooms
Greenwich,2128.0,1850.0,2018/10/01,2019/09/30,Four or more Bedrooms
Greenwich,1404.0,1350.0,2018/10/01,2019/09/30,All categories
Greenwich,756.0,738.0,2019/10/01,2020/09/30,Room
Greenwich,957.0,850.0,2019/10/01,2020/09/30,Studio
Greenwich,1242.0,1250.0,2019/10/01,2020/09/30,One Bedroom
Greenwich,1477.0,1400.0,2019/10/01,2020/09/30,Two Bedrooms
Greenwich,1775.0,1650.0,2019/10/01,2020/09/30,Three Bedrooms
Greenwich,2205.0,2200.0,2019/10/01,2020/09/30,Four or more Bedrooms
Greenwich,1494.0,1400.0,2019/10/01,2020/09/30,All categories
Greenwich,651.0,650.0,2020/10/01,2021/09/30,Room
Greenwich,959.0,900.0,2020/10/01,2021/09/30,Studio
Greenwich,1192.0,1200.0,2020/10/01,2021/09/30,One Bedroom
Greenwich,1452.0,1400.0,2020/10/01,2021/09/30,Two Bedrooms
Greenwich,1743.0,1650.0,2020/10/01,2021/09/30,Three Bedrooms
Greenwich,2322.0,2000.0,2020/10/01,2021/09/30,Four or more Bedrooms
Greenwich,1444.0,1350.0,2020/10/01,2021/09/30,All categories
Harrow,608.0,600.0,2019/04/01,2020/03/31,Room
Harrow,801.0,800.0,2019/04/01,2020/03/31,Studio
Harrow,1030.0,1050.0,2019/04/01,2020/03/31,One Bedroom
Harrow,1298.0,1300.0,2019/04/01,2020/03/31,Two Bedrooms
Harrow,1613.0,1600.0,2019/04/01,2020/03/31,Three Bedrooms
Harrow,2042.0,2000.0,2019/04/01,2020/03/31,Four or more Bedrooms
Harrow,1387.0,1350.0,2019/04/01,2020/03/31,All categories
Harrow,596.0,600.0,2020/04/01,2021/03/31,Room
Harrow,836.0,850.0,2020/04/01,2021/03/31,Studio
Harrow,1074.0,1055.0,2020/04/01,2021/03/31,One Bedroom
Harrow,1352.0,1325.0,2020/04/01,2021/03/31,Two Bedrooms
Harrow,1654.0,1650.0,2020/04/01,2021/03/31,Three Bedrooms
Harrow,2093.0,2000.0,2020/04/01,2021/03/31,Four or more Bedrooms
Harrow,1417.0,1350.0,2020/04/01,2021/03/31,All categories
Harrow,567.0,525.0,2021/04/01,2022/03/31,Room
Harrow,802.0,798.0,2021/04/01,2022/03/31,Studio
Harrow,1085.0,1075.0,2021/04/01,2022/03/31,One Bedroom
Harrow,1339.0,1300.0,2021/04/01,2022/03/31,Two Bedrooms
Harrow,1651.0,1650.0,2021/04/01,2022/03/31,Three Bedrooms
Harrow,2032.0,1950.0,2021/04/01,2022/03/31,Four or more Bedrooms
Harrow,1407.0,1350.0,2021/04/01,2022/03/31,All categories
Harrow,571.0,537.0,2018/10/01,2019/09/30,Room
Harrow,913.0,875.0,2018/10/01,2019/09/30,Studio
Harrow,1098.0,1095.0,2018/10/01,2019/09/30,One Bedroom
Harrow,1318.0,1300.0,2018/10/01,2019/09/30,Two Bedrooms
Harrow,1605.0,1600.0,2018/10/01,2019/09/30,Three Bedrooms
Harrow,2173.0,1995.0,2018/10/01,2019/09/30,Four or more Bedrooms
Harrow,1407.0,1350.0,2018/10/01,2019/09/30,All categories
Harrow,603.0,600.0,2019/10/01,2020/09/30,Room
Harrow,871.0,875.0,2019/10/01,2020/09/30,Studio
Harrow,1059.0,1075.0,2019/10/01,2020/09/30,One Bedroom
Harrow,1345.0,1350.0,2019/10/01,2020/09/30,Two Bedrooms
Harrow,1650.0,1650.0,2019/10/01,2020/09/30,Three Bedrooms
Harrow,2050.0,1950.0,2019/10/01,2020/09/30,Four or more Bedrooms
Harrow,1445.0,1442.0,2019/10/01,2020/09/30,All categories
Harrow,579.0,550.0,2020/10/01,2021/09/30,Room
Harrow,796.0,800.0,2020/10/01,2021/09/30,Studio
Harrow,1059.0,1050.0,2020/10/01,2021/09/30,One Bedroom
Harrow,1328.0,1300.0,2020/10/01,2021/09/30,Two Bedrooms
Harrow,1646.0,1650.0,2020/10/01,2021/09/30,Three Bedrooms
Harrow,2059.0,2000.0,2020/10/01,2021/09/30,Four or more Bedrooms
Harrow,1386.0,1350.0,2020/10/01,2021/09/30,All categories
Havering,562.0,650.0,2019/04/01,2020/03/31,Room
Havering,669.0,698.0,2019/04/01,2020/03/31,Studio
Havering,874.0,850.0,2019/04/01,2020/03/31,One Bedroom
Havering,1108.0,1100.0,2019/04/01,2020/03/31,Two Bedrooms
Havering,1374.0,1375.0,2019/04/01,2020/03/31,Three Bedrooms
Havering,1771.0,1700.0,2019/04/01,2020/03/31,Four or more Bedrooms
Havering,1169.0,1150.0,2019/04/01,2020/03/31,All categories
Havering,643.0,675.0,2020/04/01,2021/03/31,Room
Havering,716.0,700.0,2020/04/01,2021/03/31,Studio
Havering,909.0,900.0,2020/04/01,2021/03/31,One Bedroom
Havering,1139.0,1150.0,2020/04/01,2021/03/31,Two Bedrooms
Havering,1396.0,1375.0,2020/04/01,2021/03/31,Three Bedrooms
Havering,1770.0,1720.0,2020/04/01,2021/03/31,Four or more Bedrooms
Havering,1198.0,1195.0,2020/04/01,2021/03/31,All categories
Havering,655.0,675.0,2021/04/01,2022/03/31,Room
Havering,772.0,773.0,2021/04/01,2022/03/31,Studio
Havering,932.0,925.0,2021/04/01,2022/03/31,One Bedroom
Havering,1169.0,1150.0,2021/04/01,2022/03/31,Two Bedrooms
Havering,1412.0,1400.0,2021/04/01,2022/03/31,Three Bedrooms
Havering,1806.0,1750.0,2021/04/01,2022/03/31,Four or more Bedrooms
Havering,1217.0,1200.0,2021/04/01,2022/03/31,All categories
Havering,461.0,412.0,2018/10/01,2019/09/30,Room
Havering,664.0,670.0,2018/10/01,2019/09/30,Studio
Havering,884.0,875.0,2018/10/01,2019/09/30,One Bedroom
Havering,1112.0,1100.0,2018/10/01,2019/09/30,Two Bedrooms
Havering,1377.0,1350.0,2018/10/01,2019/09/30,Three Bedrooms
Havering,1837.0,1750.0,2018/10/01,2019/09/30,Four or more Bedrooms
Havering,1169.0,1150.0,2018/10/01,2019/09/30,All categories
Havering,638.0,650.0,2019/10/01,2020/09/30,Room
Havering,669.0,700.0,2019/10/01,2020/09/30,Studio
Havering,891.0,900.0,2019/10/01,2020/09/30,One Bedroom
Havering,1120.0,1100.0,2019/10/01,2020/09/30,Two Bedrooms
Havering,1384.0,1375.0,2019/10/01,2020/09/30,Three Bedrooms
Havering,1714.0,1655.0,2019/10/01,2020/09/30,Four or more Bedrooms
Havering,1175.0,1150.0,2019/10/01,2020/09/30,All categories
Havering,644.0,675.0,2020/10/01,2021/09/30,Room
Havering,770.0,750.0,2020/10/01,2021/09/30,Studio
Havering,914.0,900.0,2020/10/01,2021/09/30,One Bedroom
Havering,1151.0,1150.0,2020/10/01,2021/09/30,Two Bedrooms
Havering,1393.0,1395.0,2020/10/01,2021/09/30,Three Bedrooms
Havering,1752.0,1720.0,2020/10/01,2021/09/30,Four or more Bedrooms
Havering,1201.0,1195.0,2020/10/01,2021/09/30,All categories
Hillingdon,589.0,595.0,2019/04/01,2020/03/31,Room
Hillingdon,773.0,750.0,2019/04/01,2020/03/31,Studio
Hillingdon,1027.0,1000.0,2019/04/01,2020/03/31,One Bedroom
Hillingdon,1230.0,1228.0,2019/04/01,2020/03/31,Two Bedrooms
Hillingdon,1391.0,1375.0,2019/04/01,2020/03/31,Three Bedrooms
Hillingdon,1970.0,1863.0,2019/04/01,2020/03/31,Four or more Bedrooms
Hillingdon,1200.0,1200.0,2019/04/01,2020/03/31,All categories
Hillingdon,637.0,613.0,2020/04/01,2021/03/31,Room
Hillingdon,828.0,800.0,2020/04/01,2021/03/31,Studio
Hillingdon,1061.0,1050.0,2020/04/01,2021/03/31,One Bedroom
Hillingdon,1301.0,1300.0,2020/04/01,2021/03/31,Two Bedrooms
Hillingdon,1504.0,1500.0,2020/04/01,2021/03/31,Three Bedrooms
Hillingdon,2113.0,2000.0,2020/04/01,2021/03/31,Four or more Bedrooms
Hillingdon,1279.0,1250.0,2020/04/01,2021/03/31,All categories
Hillingdon,605.0,600.0,2021/04/01,2022/03/31,Room
Hillingdon,805.0,750.0,2021/04/01,2022/03/31,Studio
Hillingdon,981.0,975.0,2021/04/01,2022/03/31,One Bedroom
Hillingdon,1246.0,1250.0,2021/04/01,2022/03/31,Two Bedrooms
Hillingdon,1451.0,1450.0,2021/04/01,2022/03/31,Three Bedrooms
Hillingdon,2060.0,1950.0,2021/04/01,2022/03/31,Four or more Bedrooms
Hillingdon,1208.0,1175.0,2021/04/01,2022/03/31,All categories
Hillingdon,624.0,600.0,2018/10/01,2019/09/30,Room
Hillingdon,747.0,700.0,2018/10/01,2019/09/30,Studio
Hillingdon,993.0,995.0,2018/10/01,2019/09/30,One Bedroom
Hillingdon,1264.0,1250.0,2018/10/01,2019/09/30,Two Bedrooms
Hillingdon,1466.0,1500.0,2018/10/01,2019/09/30,Three Bedrooms
Hillingdon,2172.0,2000.0,2018/10/01,2019/09/30,Four or more Bedrooms
Hillingdon,1270.0,1200.0,2018/10/01,2019/09/30,All categories
Hillingdon,565.0,585.0,2019/10/01,2020/09/30,Room
Hillingdon,759.0,750.0,2019/10/01,2020/09/30,Studio
Hillingdon,1058.0,1000.0,2019/10/01,2020/09/30,One Bedroom
Hillingdon,1277.0,1275.0,2019/10/01,2020/09/30,Two Bedrooms
Hillingdon,1435.0,1400.0,2019/10/01,2020/09/30,Three Bedrooms
Hillingdon,1946.0,1857.0,2019/10/01,2020/09/30,Four or more Bedrooms
Hillingdon,1244.0,1250.0,2019/10/01,2020/09/30,All categories
Hillingdon,585.0,550.0,2020/10/01,2021/09/30,Room
Hillingdon,840.0,795.0,2020/10/01,2021/09/30,Studio
Hillingdon,1022.0,1000.0,2020/10/01,2021/09/30,One Bedroom
Hillingdon,1271.0,1275.0,2020/10/01,2021/09/30,Two Bedrooms
Hillingdon,1452.0,1475.0,2020/10/01,2021/09/30,Three Bedrooms
Hillingdon,2181.0,2000.0,2020/10/01,2021/09/30,Four or more Bedrooms
Hillingdon,1260.0,1200.0,2020/10/01,2021/09/30,All categories
Hounslow,626.0,600.0,2019/04/01,2020/03/31,Room
Hounslow,791.0,753.0,2019/04/01,2020/03/31,Studio
Hounslow,1139.0,1095.0,2019/04/01,2020/03/31,One Bedroom
Hounslow,1347.0,1285.0,2019/04/01,2020/03/31,Two Bedrooms
Hounslow,1638.0,1550.0,2019/04/01,2020/03/31,Three Bedrooms
Hounslow,2346.0,1950.0,2019/04/01,2020/03/31,Four or more Bedrooms
Hounslow,1352.0,1275.0,2019/04/01,2020/03/31,All categories
Hounslow,572.0,550.0,2020/04/01,2021/03/31,Room
Hounslow,819.0,800.0,2020/04/01,2021/03/31,Studio
Hounslow,1102.0,1050.0,2020/04/01,2021/03/31,One Bedroom
Hounslow,1351.0,1300.0,2020/04/01,2021/03/31,Two Bedrooms
Hounslow,1673.0,1600.0,2020/04/01,2021/03/31,Three Bedrooms
Hounslow,2376.0,2000.0,2020/04/01,2021/03/31,Four or more Bedrooms
Hounslow,1392.0,1300.0,2020/04/01,2021/03/31,All categories
Hounslow,574.0,578.0,2021/04/01,2022/03/31,Room
Hounslow,852.0,850.0,2021/04/01,2022/03/31,Studio
Hounslow,1167.0,1150.0,2021/04/01,2022/03/31,One Bedroom
Hounslow,1442.0,1350.0,2021/04/01,2022/03/31,Two Bedrooms
Hounslow,1737.0,1650.0,2021/04/01,2022/03/31,Three Bedrooms
Hounslow,2845.0,2225.0,2021/04/01,2022/03/31,Four or more Bedrooms
Hounslow,1447.0,1350.0,2021/04/01,2022/03/31,All categories
Hounslow,586.0,600.0,2018/10/01,2019/09/30,Room
Hounslow,804.0,795.0,2018/10/01,2019/09/30,Studio
Hounslow,1148.0,1075.0,2018/10/01,2019/09/30,One Bedroom
Hounslow,1404.0,1313.0,2018/10/01,2019/09/30,Two Bedrooms
Hounslow,1682.0,1600.0,2018/10/01,2019/09/30,Three Bedrooms
Hounslow,2679.0,1995.0,2018/10/01,2019/09/30,Four or more Bedrooms
Hounslow,1432.0,1312.0,2018/10/01,2019/09/30,All categories
Hounslow,637.0,650.0,2019/10/01,2020/09/30,Room
Hounslow,807.0,775.0,2019/10/01,2020/09/30,Studio
Hounslow,1159.0,1100.0,2019/10/01,2020/09/30,One Bedroom
Hounslow,1387.0,1300.0,2019/10/01,2020/09/30,Two Bedrooms
Hounslow,1726.0,1650.0,2019/10/01,2020/09/30,Three Bedrooms
Hounslow,2583.0,2125.0,2019/10/01,2020/09/30,Four or more Bedrooms
Hounslow,1416.0,1300.0,2019/10/01,2020/09/30,All categories
Hounslow,596.0,600.0,2020/10/01,2021/09/30,Room
Hounslow,819.0,800.0,2020/10/01,2021/09/30,Studio
Hounslow,1107.0,1050.0,2020/10/01,2021/09/30,One Bedroom
Hounslow,1353.0,1300.0,2020/10/01,2021/09/30,Two Bedrooms
Hounslow,1668.0,1600.0,2020/10/01,2021/09/30,Three Bedrooms
Hounslow,2325.0,1900.0,2020/10/01,2021/09/30,Four or more Bedrooms
Hounslow,1378.0,1300.0,2020/10/01,2021/09/30,All categories
Kingston upon Thames,540.0,522.0,2019/04/01,2020/03/31,Room
Kingston upon Thames,858.0,850.0,2019/04/01,2020/03/31,Studio
Kingston upon Thames,1080.0,1050.0,2019/04/01,2020/03/31,One Bedroom
Kingston upon Thames,1373.0,1350.0,2019/04/01,2020/03/31,Two Bedrooms
Kingston upon Thames,1718.0,1650.0,2019/04/01,2020/03/31,Three Bedrooms
Kingston upon Thames,2454.0,2263.0,2019/04/01,2020/03/31,Four or more Bedrooms
Kingston upon Thames,1306.0,1250.0,2019/04/01,2020/03/31,All categories
Kingston upon Thames,577.0,550.0,2020/04/01,2021/03/31,Room
Kingston upon Thames,856.0,850.0,2020/04/01,2021/03/31,Studio
Kingston upon Thames,1087.0,1100.0,2020/04/01,2021/03/31,One Bedroom
Kingston upon Thames,1373.0,1350.0,2020/04/01,2021/03/31,Two Bedrooms
Kingston upon Thames,1742.0,1700.0,2020/04/01,2021/03/31,Three Bedrooms
Kingston upon Thames,2466.0,2250.0,2020/04/01,2021/03/31,Four or more Bedrooms
Kingston upon Thames,1400.0,1300.0,2020/04/01,2021/03/31,All categories
Kingston upon Thames,556.0,548.0,2021/04/01,2022/03/31,Room
Kingston upon Thames,881.0,875.0,2021/04/01,2022/03/31,Studio
Kingston upon Thames,1089.0,1098.0,2021/04/01,2022/03/31,One Bedroom
Kingston upon Thames,1406.0,1350.0,2021/04/01,2022/03/31,Two Bedrooms
Kingston upon Thames,1838.0,1800.0,2021/04/01,2022/03/31,Three Bedrooms
Kingston upon Thames,2728.0,2500.0,2021/04/01,2022/03/31,Four or more Bedrooms
Kingston upon Thames,1519.0,1350.0,2021/04/01,2022/03/31,All categories
Kingston upon Thames,554.0,508.0,2018/10/01,2019/09/30,Room
Kingston upon Thames,853.0,850.0,2018/10/01,2019/09/30,Studio
Kingston upon Thames,1082.0,1050.0,2018/10/01,2019/09/30,One Bedroom
Kingston upon Thames,1354.0,1300.0,2018/10/01,2019/09/30,Two Bedrooms
Kingston upon Thames,1665.0,1625.0,2018/10/01,2019/09/30,Three Bedrooms
Kingston upon Thames,2852.0,2500.0,2018/10/01,2019/09/30,Four or more Bedrooms
Kingston upon Thames,1390.0,1277.0,2018/10/01,2019/09/30,All categories
Kingston upon Thames,534.0,548.0,2019/10/01,2020/09/30,Room
Kingston upon Thames,853.0,870.0,2019/10/01,2020/09/30,Studio
Kingston upon Thames,1090.0,1078.0,2019/10/01,2020/09/30,One Bedroom
Kingston upon Thames,1359.0,1333.0,2019/10/01,2020/09/30,Two Bedrooms
Kingston upon Thames,1707.0,1700.0,2019/10/01,2020/09/30,Three Bedrooms
Kingston upon Thames,2412.0,2200.0,2019/10/01,2020/09/30,Four or more Bedrooms
Kingston upon Thames,1288.0,1250.0,2019/10/01,2020/09/30,All categories
Kingston upon Thames,577.0,550.0,2020/10/01,2021/09/30,Room
Kingston upon Thames,867.0,850.0,2020/10/01,2021/09/30,Studio
Kingston upon Thames,1085.0,1098.0,2020/10/01,2021/09/30,One Bedroom
Kingston upon Thames,1390.0,1350.0,2020/10/01,2021/09/30,Two Bedrooms
Kingston upon Thames,1761.0,1725.0,2020/10/01,2021/09/30,Three Bedrooms
Kingston upon Thames,2504.0,2200.0,2020/10/01,2021/09/30,Four or more Bedrooms
Kingston upon Thames,1437.0,1305.0,2020/10/01,2021/09/30,All categories
Merton,594.0,555.0,2019/04/01,2020/03/31,Room
Merton,1040.0,950.0,2019/04/01,2020/03/31,Studio
Merton,1231.0,1250.0,2019/04/01,2020/03/31,One Bedroom
Merton,1538.0,1500.0,2019/04/01,2020/03/31,Two Bedrooms
Merton,1968.0,1898.0,2019/04/01,2020/03/31,Three Bedrooms
Merton,2749.0,2650.0,2019/04/01,2020/03/31,Four or more Bedrooms
Merton,1640.0,1495.0,2019/04/01,2020/03/31,All categories
Merton,690.0,700.0,2020/04/01,2021/03/31,Room
Merton,991.0,900.0,2020/04/01,2021/03/31,Studio
Merton,1216.0,1213.0,2020/04/01,2021/03/31,One Bedroom
Merton,1472.0,1431.0,2020/04/01,2021/03/31,Two Bedrooms
Merton,1891.0,1800.0,2020/04/01,2021/03/31,Three Bedrooms
Merton,2833.0,2525.0,2020/04/01,2021/03/31,Four or more Bedrooms
Merton,1620.0,1450.0,2020/04/01,2021/03/31,All categories
Merton,648.0,650.0,2021/04/01,2022/03/31,Room
Merton,926.0,900.0,2021/04/01,2022/03/31,Studio
Merton,1220.0,1200.0,2021/04/01,2022/03/31,One Bedroom
Merton,1546.0,1475.0,2021/04/01,2022/03/31,Two Bedrooms
Merton,2014.0,1900.0,2021/04/01,2022/03/31,Three Bedrooms
Merton,3203.0,2750.0,2021/04/01,2022/03/31,Four or more Bedrooms
Merton,1686.0,1475.0,2021/04/01,2022/03/31,All categories
Merton,621.0,650.0,2018/10/01,2019/09/30,Room
Merton,904.0,900.0,2018/10/01,2019/09/30,Studio
Merton,1235.0,1250.0,2018/10/01,2019/09/30,One Bedroom
Merton,1476.0,1408.0,2018/10/01,2019/09/30,Two Bedrooms
Merton,1833.0,1750.0,2018/10/01,2019/09/30,Three Bedrooms
Merton,2593.0,2500.0,2018/10/01,2019/09/30,Four or more Bedrooms
Merton,1530.0,1400.0,2018/10/01,2019/09/30,All categories
Merton,659.0,675.0,2019/10/01,2020/09/30,Room
Merton,1102.0,980.0,2019/10/01,2020/09/30,Studio
Merton,1233.0,1250.0,2019/10/01,2020/09/30,One Bedroom
Merton,1532.0,1500.0,2019/10/01,2020/09/30,Two Bedrooms
Merton,1981.0,1900.0,2019/10/01,2020/09/30,Three Bedrooms
Merton,2733.0,2650.0,2019/10/01,2020/09/30,Four or more Bedrooms
Merton,1639.0,1495.0,2019/10/01,2020/09/30,All categories
Merton,680.0,650.0,2020/10/01,2021/09/30,Room
Merton,923.0,900.0,2020/10/01,2021/09/30,Studio
Merton,1223.0,1200.0,2020/10/01,2021/09/30,One Bedroom
Merton,1518.0,1450.0,2020/10/01,2021/09/30,Two Bedrooms
Merton,1961.0,1850.0,2020/10/01,2021/09/30,Three Bedrooms
Merton,2917.0,2650.0,2020/10/01,2021/09/30,Four or more Bedrooms
Merton,1639.0,1450.0,2020/10/01,2021/09/30,All categories
Redbridge,691.0,695.0,2019/04/01,2020/03/31,Room
Redbridge,780.0,795.0,2019/04/01,2020/03/31,Studio
Redbridge,1015.0,1000.0,2019/04/01,2020/03/31,One Bedroom
Redbridge,1281.0,1258.0,2019/04/01,2020/03/31,Two Bedrooms
Redbridge,1576.0,1598.0,2019/04/01,2020/03/31,Three Bedrooms
Redbridge,2133.0,2050.0,2019/04/01,2020/03/31,Four or more Bedrooms
Redbridge,1311.0,1250.0,2019/04/01,2020/03/31,All categories
Redbridge,745.0,698.0,2020/04/01,2021/03/31,Room
Redbridge,797.0,800.0,2020/04/01,2021/03/31,Studio
Redbridge,1047.0,1050.0,2020/04/01,2021/03/31,One Bedroom
Redbridge,1289.0,1275.0,2020/04/01,2021/03/31,Two Bedrooms
Redbridge,1592.0,1600.0,2020/04/01,2021/03/31,Three Bedrooms
Redbridge,2052.0,1950.0,2020/04/01,2021/03/31,Four or more Bedrooms
Redbridge,1310.0,1250.0,2020/04/01,2021/03/31,All categories
Redbridge,756.0,695.0,2021/04/01,2022/03/31,Room
Redbridge,817.0,825.0,2021/04/01,2022/03/31,Studio
Redbridge,1049.0,1050.0,2021/04/01,2022/03/31,One Bedroom
Redbridge,1303.0,1300.0,2021/04/01,2022/03/31,Two Bedrooms
Redbridge,1617.0,1600.0,2021/04/01,2022/03/31,Three Bedrooms
Redbridge,2120.0,2000.0,2021/04/01,2022/03/31,Four or more Bedrooms
Redbridge,1324.0,1250.0,2021/04/01,2022/03/31,All categories
Redbridge,664.0,650.0,2018/10/01,2019/09/30,Room
Redbridge,781.0,795.0,2018/10/01,2019/09/30,Studio
Redbridge,1007.0,1000.0,2018/10/01,2019/09/30,One Bedroom
Redbridge,1283.0,1265.0,2018/10/01,2019/09/30,Two Bedrooms
Redbridge,1568.0,1550.0,2018/10/01,2019/09/30,Three Bedrooms
Redbridge,2149.0,2032.0,2018/10/01,2019/09/30,Four or more Bedrooms
Redbridge,1318.0,1250.0,2018/10/01,2019/09/30,All categories
Redbridge,717.0,685.0,2019/10/01,2020/09/30,Room
Redbridge,775.0,760.0,2019/10/01,2020/09/30,Studio
Redbridge,1030.0,1040.0,2019/10/01,2020/09/30,One Bedroom
Redbridge,1293.0,1275.0,2019/10/01,2020/09/30,Two Bedrooms
Redbridge,1589.0,1600.0,2019/10/01,2020/09/30,Three Bedrooms
Redbridge,2124.0,2000.0,2019/10/01,2020/09/30,Four or more Bedrooms
Redbridge,1311.0,1250.0,2019/10/01,2020/09/30,All categories
Redbridge,757.0,695.0,2020/10/01,2021/09/30,Room
Redbridge,783.0,800.0,2020/10/01,2021/09/30,Studio
Redbridge,1049.0,1050.0,2020/10/01,2021/09/30,One Bedroom
Redbridge,1282.0,1250.0,2020/10/01,2021/09/30,Two Bedrooms
Redbridge,1599.0,1600.0,2020/10/01,2021/09/30,Three Bedrooms
Redbridge,2052.0,1931.0,2020/10/01,2021/09/30,Four or more Bedrooms
Redbridge,1318.0,1250.0,2020/10/01,2021/09/30,All categories
Richmond upon Thames,710.0,677.0,2019/04/01,2020/03/31,Room
Richmond upon Thames,965.0,950.0,2019/04/01,2020/03/31,Studio
Richmond upon Thames,1259.0,1250.0,2019/04/01,2020/03/31,One Bedroom
Richmond upon Thames,1664.0,1600.0,2019/04/01,2020/03/31,Two Bedrooms
Richmond upon Thames,2156.0,1950.0,2019/04/01,2020/03/31,Three Bedrooms
Richmond upon Thames,3924.0,3300.0,2019/04/01,2020/03/31,Four or more Bedrooms
Richmond upon Thames,1835.0,1550.0,2019/04/01,2020/03/31,All categories
Richmond upon Thames,710.0,677.0,2020/04/01,2021/03/31,Room
Richmond upon Thames,940.0,900.0,2020/04/01,2021/03/31,Studio
Richmond upon Thames,1263.0,1250.0,2020/04/01,2021/03/31,One Bedroom
Richmond upon Thames,1675.0,1600.0,2020/04/01,2021/03/31,Two Bedrooms
Richmond upon Thames,2228.0,2000.0,2020/04/01,2021/03/31,Three Bedrooms
Richmond upon Thames,3845.0,3500.0,2020/04/01,2021/03/31,Four or more Bedrooms
Richmond upon Thames,1837.0,1575.0,2020/04/01,2021/03/31,All categories
Richmond upon Thames,691.0,650.0,2021/04/01,2022/03/31,Room
Richmond upon Thames,980.0,950.0,2021/04/01,2022/03/31,Studio
Richmond upon Thames,1252.0,1225.0,2021/04/01,2022/03/31,One Bedroom
Richmond upon Thames,1708.0,1650.0,2021/04/01,2022/03/31,Two Bedrooms
Richmond upon Thames,2320.0,2150.0,2021/04/01,2022/03/31,Three Bedrooms
Richmond upon Thames,3860.0,3675.0,2021/04/01,2022/03/31,Four or more Bedrooms
Richmond upon Thames,1895.0,1600.0,2021/04/01,2022/03/31,All categories
Richmond upon Thames,710.0,677.0,2018/10/01,2019/09/30,Room
Richmond upon Thames,969.0,950.0,2018/10/01,2019/09/30,Studio
Richmond upon Thames,1244.0,1225.0,2018/10/01,2019/09/30,One Bedroom
Richmond upon Thames,1648.0,1595.0,2018/10/01,2019/09/30,Two Bedrooms
Richmond upon Thames,2189.0,1950.0,2018/10/01,2019/09/30,Three Bedrooms
Richmond upon Thames,3792.0,3250.0,2018/10/01,2019/09/30,Four or more Bedrooms
Richmond upon Thames,1857.0,1575.0,2018/10/01,2019/09/30,All categories
Richmond upon Thames,710.0,677.0,2019/10/01,2020/09/30,Room
Richmond upon Thames,983.0,950.0,2019/10/01,2020/09/30,Studio
Richmond upon Thames,1281.0,1250.0,2019/10/01,2020/09/30,One Bedroom
Richmond upon Thames,1692.0,1600.0,2019/10/01,2020/09/30,Two Bedrooms
Richmond upon Thames,2238.0,2000.0,2019/10/01,2020/09/30,Three Bedrooms
Richmond upon Thames,3942.0,3500.0,2019/10/01,2020/09/30,Four or more Bedrooms
Richmond upon Thames,1940.0,1620.0,2019/10/01,2020/09/30,All categories
Richmond upon Thames,730.0,705.0,2020/10/01,2021/09/30,Room
Richmond upon Thames,954.0,918.0,2020/10/01,2021/09/30,Studio
Richmond upon Thames,1253.0,1250.0,2020/10/01,2021/09/30,One Bedroom
Richmond upon Thames,1664.0,1600.0,2020/10/01,2021/09/30,Two Bedrooms
Richmond upon Thames,2126.0,1900.0,2020/10/01,2021/09/30,Three Bedrooms
Richmond upon Thames,3610.0,3313.0,2020/10/01,2021/09/30,Four or more Bedrooms
Richmond upon Thames,1768.0,1550.0,2020/10/01,2021/09/30,All categories
Sutton,566.0,530.0,2019/04/01,2020/03/31,Room
Sutton,775.0,775.0,2019/04/01,2020/03/31,Studio
Sutton,929.0,900.0,2019/04/01,2020/03/31,One Bedroom
Sutton,1187.0,1180.0,2019/04/01,2020/03/31,Two Bedrooms
Sutton,1522.0,1500.0,2019/04/01,2020/03/31,Three Bedrooms
Sutton,1948.0,1895.0,2019/04/01,2020/03/31,Four or more Bedrooms
Sutton,1151.0,1100.0,2019/04/01,2020/03/31,All categories
Sutton,588.0,585.0,2020/04/01,2021/03/31,Room
Sutton,788.0,775.0,2020/04/01,2021/03/31,Studio
Sutton,927.0,925.0,2020/04/01,2021/03/31,One Bedroom
Sutton,1161.0,1150.0,2020/04/01,2021/03/31,Two Bedrooms
Sutton,1500.0,1500.0,2020/04/01,2021/03/31,Three Bedrooms
Sutton,1954.0,1900.0,2020/04/01,2021/03/31,Four or more Bedrooms
Sutton,1143.0,1100.0,2020/04/01,2021/03/31,All categories
Sutton,578.0,563.0,2021/04/01,2022/03/31,Room
Sutton,787.0,795.0,2021/04/01,2022/03/31,Studio
Sutton,939.0,950.0,2021/04/01,2022/03/31,One Bedroom
Sutton,1192.0,1195.0,2021/04/01,2022/03/31,Two Bedrooms
Sutton,1558.0,1550.0,2021/04/01,2022/03/31,Three Bedrooms
Sutton,2079.0,1995.0,2021/04/01,2022/03/31,Four or more Bedrooms
Sutton,1170.0,1100.0,2021/04/01,2022/03/31,All categories
Sutton,559.0,550.0,2018/10/01,2019/09/30,Room
Sutton,741.0,750.0,2018/10/01,2019/09/30,Studio
Sutton,933.0,925.0,2018/10/01,2019/09/30,One Bedroom
Sutton,1194.0,1200.0,2018/10/01,2019/09/30,Two Bedrooms
Sutton,1510.0,1500.0,2018/10/01,2019/09/30,Three Bedrooms
Sutton,1936.0,1800.0,2018/10/01,2019/09/30,Four or more Bedrooms
Sutton,1167.0,1100.0,2018/10/01,2019/09/30,All categories
Sutton,585.0,563.0,2019/10/01,2020/09/30,Room
Sutton,776.0,775.0,2019/10/01,2020/09/30,Studio
Sutton,923.0,925.0,2019/10/01,2020/09/30,One Bedroom
Sutton,1163.0,1150.0,2019/10/01,2020/09/30,Two Bedrooms
Sutton,1498.0,1500.0,2019/10/01,2020/09/30,Three Bedrooms
Sutton,1915.0,1895.0,2019/10/01,2020/09/30,Four or more Bedrooms
Sutton,1133.0,1100.0,2019/10/01,2020/09/30,All categories
Sutton,593.0,575.0,2020/10/01,2021/09/30,Room
Sutton,790.0,785.0,2020/10/01,2021/09/30,Studio
Sutton,928.0,925.0,2020/10/01,2021/09/30,One Bedroom
Sutton,1171.0,1160.0,2020/10/01,2021/09/30,Two Bedrooms
Sutton,1507.0,1500.0,2020/10/01,2021/09/30,Three Bedrooms
Sutton,1974.0,1950.0,2020/10/01,2021/09/30,Four or more Bedrooms
Sutton,1144.0,1100.0,2020/10/01,2021/09/30,All categories
Waltham Forest,594.0,600.0,2019/04/01,2020/03/31,Room
Waltham Forest,828.0,845.0,2019/04/01,2020/03/31,Studio
Waltham Forest,1111.0,1100.0,2019/04/01,2020/03/31,One Bedroom
Waltham Forest,1352.0,1325.0,2019/04/01,2020/03/31,Two Bedrooms
Waltham Forest,1649.0,1650.0,2019/04/01,2020/03/31,Three Bedrooms
Waltham Forest,2058.0,2000.0,2019/04/01,2020/03/31,Four or more Bedrooms
Waltham Forest,1352.0,1300.0,2019/04/01,2020/03/31,All categories
Waltham Forest,688.0,700.0,2020/04/01,2021/03/31,Room
Waltham Forest,847.0,850.0,2020/04/01,2021/03/31,Studio
Waltham Forest,1085.0,1100.0,2020/04/01,2021/03/31,One Bedroom
Waltham Forest,1320.0,1300.0,2020/04/01,2021/03/31,Two Bedrooms
Waltham Forest,1635.0,1600.0,2020/04/01,2021/03/31,Three Bedrooms
Waltham Forest,1992.0,2000.0,2020/04/01,2021/03/31,Four or more Bedrooms
Waltham Forest,1327.0,1250.0,2020/04/01,2021/03/31,All categories
Waltham Forest,653.0,700.0,2021/04/01,2022/03/31,Room
Waltham Forest,826.0,850.0,2021/04/01,2022/03/31,Studio
Waltham Forest,1125.0,1100.0,2021/04/01,2022/03/31,One Bedroom
Waltham Forest,1382.0,1350.0,2021/04/01,2022/03/31,Two Bedrooms
Waltham Forest,1672.0,1650.0,2021/04/01,2022/03/31,Three Bedrooms
Waltham Forest,2025.0,2000.0,2021/04/01,2022/03/31,Four or more Bedrooms
Waltham Forest,1381.0,1300.0,2021/04/01,2022/03/31,All categories
Waltham Forest,579.0,600.0,2018/10/01,2019/09/30,Room
Waltham Forest,813.0,825.0,2018/10/01,2019/09/30,Studio
Waltham Forest,1063.0,1050.0,2018/10/01,2019/09/30,One Bedroom
Waltham Forest,1302.0,1300.0,2018/10/01,2019/09/30,Two Bedrooms
Waltham Forest,1621.0,1610.0,2018/10/01,2019/09/30,Three Bedrooms
Waltham Forest,2033.0,1977.0,2018/10/01,2019/09/30,Four or more Bedrooms
Waltham Forest,1309.0,1250.0,2018/10/01,2019/09/30,All categories
Waltham Forest,615.0,607.0,2019/10/01,2020/09/30,Room
Waltham Forest,827.0,850.0,2019/10/01,2020/09/30,Studio
Waltham Forest,1122.0,1100.0,2019/10/01,2020/09/30,One Bedroom
Waltham Forest,1364.0,1328.0,2019/10/01,2020/09/30,Two Bedrooms
Waltham Forest,1649.0,1650.0,2019/10/01,2020/09/30,Three Bedrooms
Waltham Forest,2026.0,2000.0,2019/10/01,2020/09/30,Four or more Bedrooms
Waltham Forest,1359.0,1300.0,2019/10/01,2020/09/30,All categories
Waltham Forest,673.0,700.0,2020/10/01,2021/09/30,Room
Waltham Forest,835.0,850.0,2020/10/01,2021/09/30,Studio
Waltham Forest,1114.0,1100.0,2020/10/01,2021/09/30,One Bedroom
Waltham Forest,1377.0,1350.0,2020/10/01,2021/09/30,Two Bedrooms
Waltham Forest,1685.0,1650.0,2020/10/01,2021/09/30,Three Bedrooms
Waltham Forest,2016.0,1950.0,2020/10/01,2021/09/30,Four or more Bedrooms
Waltham Forest,1366.0,1300.0,2020/10/01,2021/09/30,All categories
